,Name,Code,Sector
0,삼성전자,005930,Technology
1,LG에너지솔루션,373220,Industrials
2,SK하이닉스,000660,Technology
3,삼성바이오로직스,207940,Healthcare
4,LG화학,051910,Basic Materials
5,삼성SDI,006400,Technology
6,삼성전자우,005935,Technology
7,현대차,005380,Consumer Cyclical
8,기아,000270,Consumer Cyclical
9,NAVER,035420,Communication Services
10,POSCO홀딩스,005490,Basic Materials
11,포스코퓨처엠,003670,Basic Materials
12,카카오,035720,Communication Services
13,셀트리온,068270,Healthcare
14,현대모비스,012330,Consumer Cyclical
15,LG전자,066570,Technology
16,삼성물산,028260,Industrials
17,KB금융,105560,Financial Services
18,SK이노베이션,096770,Energy
19,신한지주,055550,Financial Services
20,LG,003550,Technology
21,삼성생명,032830,Financial Services
22,카카오뱅크,323410,Financial Services
23,한국전력,015760,Utilities
24,SK,034730,Technology
25,하나금융지주,086790,Financial Services
26,KT&G,033780,Consumer Defensive
27,삼성전기,009150,Technology
28,HD현대중공업,329180,Industrials
29,하이브,352820,Communication Services
30,삼성화재,000810,Financial Services
31,두산에너빌리티,034020,Industrials
32,SK텔레콤,017670,Communication Services
33,삼성에스디에스,018260,Technology
34,고려아연,010130,Basic Materials
35,메리츠금융지주,138040,Financial Services
36,크래프톤,259960,Communication Services
37,우리금융지주,316140,Financial Services
38,HMM,011200,Industrials
39,LG생활건강,051900,Consumer Defensive
40,S-Oil,010950,Energy
41,한화솔루션,009830,Basic Materials
42,기업은행,024110,Financial Services
43,대한항공,003490,Industrials
44,KT,030200,Communication Services
45,카카오페이,377300,Technology
46,롯데케미칼,011170,Basic Materials
47,HD한국조선해양,009540,Industrials
48,LG이노텍,011070,Technology
49,SK아이이테크놀로지,361610,Technology
50,엔씨소프트,036570,Communication Services
51,현대글로비스,086280,Industrials
52,SK스퀘어,402340,Technology
53,SK바이오사이언스,302440,Healthcare
54,아모레퍼시픽,090430,Consumer Defensive
55,두산밥캣,241560,Industrials
56,LG디스플레이,034220,Technology
57,SK바이오팜,326030,Healthcare
58,포스코인터내셔널,047050,Industrials
59,삼성엔지니어링,028050,Industrials
60,삼성중공업,010140,Industrials
61,DB손해보험,005830,Financial Services
62,한화에어로스페이스,012450,Industrials
63,코스모신소재,005070,Technology
64,맥쿼리인프라,088980,Etc
65,한국항공우주,047810,Industrials
66,한온시스템,018880,Consumer Cyclical
67,F&F,383220,Consumer Cyclical
68,오리온,271560,Consumer Defensive
69,CJ제일제당,097950,Consumer Defensive
70,LG유플러스,032640,Communication Services
71,넷마블,251270,Communication Services
72,HD현대,267250,Energy
73,유한양행,000100,Healthcare
74,현대제철,004020,Basic Materials
75,미래에셋증권,006800,Financial Services
76,한국타이어앤테크놀로지,161390,Consumer Cyclical
77,현대건설,000720,Industrials
78,현대차2우B,005387,Consumer Cyclical
79,SKC,011790,Basic Materials
80,강원랜드,035250,Consumer Cyclical
81,금호석유,011780,Basic Materials
82,한미약품,128940,Healthcare
83,GS,078930,Industrials
84,코웨이,021240,Consumer Cyclical
85,씨에스윈드,112610,Industrials
86,현대오토에버,307950,Technology
87,삼성카드,029780,Financial Services
88,현대로템,064350,Industrials
89,삼성증권,016360,Financial Services
90,한진칼,180640,Industrials
91,현대미포조선,010620,Industrials
92,NH투자증권,005940,Financial Services
93,BGF리테일,282330,Consumer Defensive
94,한국금융지주,071050,Financial Services
95,대우조선해양,042660,Industrials
96,호텔신라,008770,Consumer Cyclical
97,현대해상,001450,Financial Services
98,롯데지주,004990,Consumer Defensive
99,쌍용C&E,003410,Basic Materials
100,금양,001570,Basic Materials
101,LG화학우,051915,Basic Materials
102,LS,006260,Industrials
103,DB하이텍,000990,Technology
104,롯데에너지머티리얼즈,020150,Industrials
105,농심,004370,Consumer Defensive
106,한전기술,052690,Industrials
107,한화시스템,272210,Industrials
108,한솔케미칼,014680,Basic Materials
109,현대차우,005385,Consumer Cyclical
110,팬오션,028670,Industrials
111,GS리테일,007070,Consumer Cyclical
112,한미사이언스,008930,Healthcare
113,CJ,001040,Industrials
114,한국가스공사,036460,Utilities
115,키움증권,039490,Financial Services
116,아모레G,002790,Consumer Defensive
117,한미반도체,042700,Technology
118,이마트,139480,Consumer Defensive
119,한화,000880,Industrials
120,롯데쇼핑,023530,Consumer Cyclical
121,HL만도,204320,Consumer Cyclical
122,한화생명,088350,Financial Services
123,HD현대인프라코어,042670,Industrials
124,휠라홀딩스,081660,Consumer Cyclical
125,BNK금융지주,138930,Financial Services
126,동원산업,006040,Consumer Defensive
127,제일기획,030000,Communication Services
128,영원무역,111770,Consumer Cyclical
129,LS ELECTRIC,010120,Industrials
130,에스원,012750,Industrials
131,효성첨단소재,298050,Consumer Cyclical
132,두산퓨얼셀,336260,Industrials
133,동서,026960,Consumer Defensive
134,신세계,004170,Consumer Cyclical
135,HD현대일렉트릭,267260,Industrials
136,KCC,002380,Industrials
137,덴티움,145720,Healthcare
138,LX세미콘,108320,Technology
139,CJ대한통운,000120,Industrials
140,대한전선,001440,Industrials
141,KG모빌리티,003620,Consumer Cyclical
142,오뚜기,007310,Consumer Defensive
143,GS건설,006360,Industrials
144,코스모화학,005420,Basic Materials
145,대우건설,047040,Industrials
146,LIG넥스원,079550,Industrials
147,에스디바이오센서,137310,Healthcare
148,에스엘,005850,Consumer Cyclical
149,두산,000150,Industrials
150,효성티앤씨,298020,Consumer Cyclical
151,JB금융지주,175330,Financial Services
152,현대위아,011210,Consumer Cyclical
153,현대엘리베이,017800,Industrials
154,하이트진로,000080,Consumer Defensive
155,한전KPS,051600,Industrials
156,롯데정밀화학,004000,Basic Materials
157,녹십자,006280,Healthcare
158,DL이앤씨,375500,Industrials
159,효성,004800,Industrials
160,솔루스첨단소재,336370,Technology
161,금호타이어,073240,Consumer Cyclical
162,OCI홀딩스,010060,Financial Services
163,롯데칠성,005300,Consumer Defensive
164,대웅제약,069620,Healthcare
165,후성,093370,Basic Materials
166,SK케미칼,285130,Basic Materials
167,삼아알미늄,006110,Basic Materials
168,HD현대건설기계,267270,Industrials
169,대덕전자,353200,Technology
170,솔루엠,248070,Technology
171,코오롱인더,120110,Basic Materials
172,LX인터내셔널,001120,Industrials
173,DGB금융지주,139130,Financial Services
174,SK가스,018670,Energy
175,현대백화점,069960,Consumer Cyclical
176,한올바이오파마,009420,Healthcare
177,동원시스템즈,014820,Consumer Cyclical
178,명신산업,009900,Consumer Cyclical
179,아이에스동서,010780,Industrials
180,GKL,114090,Consumer Cyclical
181,풍산,103140,Industrials
182,한국앤컴퍼니,000240,Consumer Cyclical
183,일진하이솔루스,271940,Consumer Cyclical
184,SK네트웍스,001740,Industrials
185,종근당,185750,Healthcare
186,동국제강,001230,Basic Materials
187,한샘,009240,Consumer Cyclical
188,롯데렌탈,089860,Industrials
189,SK오션플랜트,100090,Industrials
190,롯데웰푸드,280360,Consumer Defensive
191,코리안리,003690,Financial Services
192,SK리츠,395400,Real Estate
193,제주항공,089590,Industrials
194,코스맥스,192820,Consumer Defensive
195,영풍,000670,Basic Materials
196,PI첨단소재,178920,Basic Materials
197,DL,000210,Industrials
198,TCC스틸,002710,Basic Materials
199,오리온홀딩스,001800,Consumer Defensive
200,롯데리츠,330590,Real Estate
201,영원무역홀딩스,009970,Consumer Cyclical
202,TKG휴켐스,069260,Basic Materials
203,이수페타시스,007660,Technology
204,OCI,456040,Industrials
205,대한유화,006650,Basic Materials
206,영풍제지,006740,Basic Materials
207,더존비즈온,012510,Technology
208,LG전자우,066575,Technology
209,한국콜마,161890,Consumer Defensive
210,NHN,181710,Communication Services
211,KG스틸,016380,Basic Materials
212,아시아나항공,020560,Industrials
213,신풍제약,019170,Healthcare
214,세아베스틸지주,001430,Basic Materials
215,제이알글로벌리츠,348950,Etc
216,율촌화학,008730,Consumer Cyclical
217,한일시멘트,300720,Basic Materials
218,ESR켄달스퀘어리츠,365550,Real Estate
219,삼양식품,003230,Consumer Defensive
220,이수스페셜티케미컬,457190,Etc
221,애경케미칼,161000,Basic Materials
222,대웅,003090,Healthcare
223,하나투어,039130,Consumer Cyclical
224,다우기술,023590,Technology
225,해성디에스,195870,Technology
226,롯데관광개발,032350,Consumer Cyclical
227,HDC현대산업개발,294870,Industrials
228,효성중공업,298040,Industrials
229,DN오토모티브,007340,Consumer Cyclical
230,미원상사,002840,Basic Materials
231,F&F홀딩스,007700,Consumer Cyclical
232,더블유게임즈,192080,Communication Services
233,넥센타이어,002350,Consumer Cyclical
234,이노션,214320,Communication Services
235,SNT모티브,064960,Consumer Cyclical
236,이엔플러스,074610,Industrials
237,진에어,272450,Industrials
238,자화전자,033240,Technology
239,CJ CGV,079160,Communication Services
240,녹십자홀딩스,005250,Healthcare
241,태광산업,003240,Basic Materials
242,SK디스커버리,006120,Industrials
243,KCC글라스,344820,Industrials
244,세아제강지주,003030,Basic Materials
245,미원에스씨,268280,Basic Materials
246,세방전지,004490,Industrials
247,대신증권,003540,Financial Services
248,SPC삼립,005610,Consumer Defensive
249,HSD엔진,082740,Industrials
250,한세실업,105630,Consumer Cyclical
251,케이카,381970,Consumer Cyclical
252,신세계인터내셔날,031430,Consumer Cyclical
253,대상,001680,Consumer Defensive
254,우리종금,010050,Financial Services
255,한국단자,025540,Industrials
256,LX홀딩스,383800,Industrials
257,삼양홀딩스,000070,Industrials
258,동원F&B,049770,Consumer Defensive
259,보령,003850,Healthcare
260,동양생명,082640,Financial Services
261,SBS,034120,Communication Services
262,대한해운,005880,Industrials
263,프레스티지바이오파마,950210,Healthcare
264,한화투자증권,003530,Financial Services
265,티웨이항공,091810,Industrials
266,한섬,020000,Consumer Cyclical
267,드림텍,192650,Technology
268,화신,010690,Consumer Cyclical
269,경동나비엔,009450,Industrials
270,이수화학,005950,Basic Materials
271,애경산업,018250,Consumer Defensive
272,미래에셋생명,085620,Financial Services
273,유안타증권,003470,Financial Services
274,엠씨넥스,097520,Technology
275,지누스,013890,Consumer Cyclical
276,동아쏘시오홀딩스,000640,Healthcare
277,쿠쿠홈시스,284740,Technology
278,현대홈쇼핑,057050,Consumer Cyclical
279,삼성SDI우,006405,Technology
280,DI동일,001530,Consumer Cyclical
281,신한알파리츠,293940,Etc
282,부광약품,003000,Healthcare
283,쿠쿠홀딩스,192400,Consumer Cyclical
284,삼성화재우,000815,Financial Services
285,동일산업,004890,Basic Materials
286,롯데손해보험,000400,Financial Services
287,파미셀,005690,Healthcare
288,서연이화,200880,Consumer Cyclical
289,미래에셋증권2우B,00680K,Financial Services
290,JW중외제약,001060,Healthcare
291,쏘카,403550,Technology
292,바이오노트,377740,Healthcare
293,신영증권,001720,Financial Services
294,일동제약,249420,Healthcare
295,티와이홀딩스,363280,Communication Services
296,한국카본,017960,Basic Materials
297,영진약품,003520,Healthcare
298,제주은행,006220,Financial Services
299,삼천리,004690,Utilities
300,LG생활건강우,051905,Consumer Defensive
301,코람코에너지리츠,357120,Real Estate
302,한화손해보험,000370,Financial Services
303,동아에스티,170900,Healthcare
304,LF,093050,Consumer Cyclical
305,SK디앤디,210980,Real Estate
306,빙그레,005180,Consumer Defensive
307,KG케미칼,001390,Basic Materials
308,HD현대에너지솔루션,322000,Technology
309,고려제강,002240,Basic Materials
310,KB스타리츠,432320,Etc
311,삼화콘덴서,001820,Technology
312,NICE,034310,Financial Services
313,삼양사,145990,Industrials
314,SK렌터카,068400,Industrials
315,세아홀딩스,058650,Basic Materials
316,송원산업,004430,Basic Materials
317,유니드,014830,Basic Materials
318,콘텐트리중앙,036420,Communication Services
319,화승엔터프라이즈,241590,Consumer Cyclical
320,롯데정보통신,286940,Technology
321,신성이엔지,011930,Technology
322,남해화학,025860,Basic Materials
323,삼부토건,001470,Industrials
324,국도화학,007690,Basic Materials
325,DB,012030,Technology
326,YG PLUS,037270,Communication Services
327,아세아시멘트,183190,Basic Materials
328,엘브이엠씨홀딩스,900140,Consumer Cyclical
329,세아제강,306200,Basic Materials
330,풀무원,017810,Consumer Defensive
331,케이씨텍,281820,Technology
332,현대그린푸드,453340,Consumer Defensive
333,서울가스,017390,Utilities
334,맵스리얼티1,094800,Etc
335,SGC에너지,005090,Industrials
336,쎌마테라퓨틱스,015540,Etc
337,LX하우시스,108670,Industrials
338,HDC,012630,Real Estate
339,진원생명과학,011000,Healthcare
340,백광산업,001340,Basic Materials
341,신영증권우,001725,Financial Services
342,삼성FN리츠,448730,Real Estate
343,BGF,027410,Consumer Cyclical
344,SIMPAC,009160,Industrials
345,한국자산신탁,123890,Real Estate
346,코리아써키트,007810,Technology
347,에이프로젠,007460,Industrials
348,코오롱플라스틱,138490,Basic Materials
349,남선알미늄,008350,Basic Materials
350,일성신약,003120,Healthcare
351,세진중공업,075580,Industrials
352,조선내화,000480,Basic Materials
353,유나이티드제약,033270,Healthcare
354,신도리코,029530,Industrials
355,남양유업,003920,Consumer Defensive
356,HL홀딩스,060980,Consumer Cyclical
357,아모레퍼시픽우,090435,Consumer Defensive
358,현대퓨처넷,126560,Communication Services
359,휴스틸,005010,Basic Materials
360,한화리츠,451800,Real Estate
361,조일알미늄,018470,Basic Materials
362,한일홀딩스,003300,Basic Materials
363,유진투자증권,001200,Financial Services
364,에어부산,298690,Industrials
365,풍산홀딩스,005810,Basic Materials
366,E1,017940,Energy
367,교보증권,030610,Financial Services
368,한국토지신탁,034830,Real Estate
369,웅진씽크빅,095720,Communication Services
370,한화3우B,00088K,Industrials
371,SNT다이내믹스,003570,Industrials
372,한일현대시멘트,006390,Basic Materials
373,대신증권우,003545,Financial Services
374,이리츠코크렙,088260,Real Estate
375,일양약품,007570,Healthcare
376,퍼시스,016800,Consumer Cyclical
377,SK증권,001510,Financial Services
378,이아이디,093230,Technology
379,농심홀딩스,072710,Consumer Defensive
380,효성화학,298000,Basic Materials
381,LG헬로비전,037560,Communication Services
382,덕양산업,024900,Consumer Cyclical
383,광동제약,009290,Healthcare
384,잇츠한불,226320,Consumer Defensive
385,대한제당,001790,Consumer Defensive
386,한미글로벌,053690,Industrials
387,아이마켓코리아,122900,Industrials
388,흥아해운,003280,Industrials
389,이연제약,102460,Healthcare
390,조광피혁,004700,Consumer Cyclical
391,대한제강,084010,Basic Materials
392,수산인더스트리,126720,Industrials
393,스카이라이프,053210,Communication Services
394,HJ중공업,097230,Industrials
395,한화갤러리아,452260,Consumer Cyclical
396,STX엔진,077970,Industrials
397,서흥,008490,Healthcare
398,대원제약,003220,Healthcare
399,삼진제약,005500,Healthcare
400,지역난방공사,071320,Utilities
401,방림,003610,Consumer Cyclical
402,알루코,001780,Basic Materials
403,아세아,002030,Basic Materials
404,KISCO홀딩스,001940,Basic Materials
405,아세아제지,002310,Basic Materials
406,KEC,092220,Technology
407,DL건설,001880,Industrials
408,일진전기,103590,Industrials
409,대성홀딩스,016710,Utilities
410,CJ4우(전환),00104K,Industrials
411,한진,002320,Industrials
412,한국쉘석유,002960,Energy
413,락앤락,115390,Consumer Cyclical
414,제일약품,271980,Healthcare
415,신성통상,005390,Consumer Cyclical
416,환인제약,016580,Healthcare
417,한농화성,011500,Basic Materials
418,모토닉,009680,Consumer Cyclical
419,유니퀘스트,077500,Technology
420,도화엔지니어링,002150,Industrials
421,현대차증권,001500,Financial Services
422,세방,004360,Industrials
423,대동,000490,Industrials
424,일진다이아,081000,Industrials
425,경방,000050,Consumer Cyclical
426,대한방직,001070,Consumer Cyclical
427,동화약품,000020,Healthcare
428,한국철강,104700,Basic Materials
429,에스엠벡셀,010580,Consumer Cyclical
430,삼익THK,004380,Technology
431,에이프로젠바이오로직스,003060,Healthcare
432,만호제강,001080,Basic Materials
433,SNT홀딩스,036530,Industrials
434,케이씨,029460,Technology
435,자이에스앤디,317400,Real Estate
436,포스코스틸리온,058430,Industrials
437,롯데하이마트,071840,Consumer Cyclical
438,코오롱글로벌,003070,Industrials
439,한솔제지,213500,Basic Materials
440,한국콜마홀딩스,024720,Consumer Defensive
441,TYM,002900,Industrials
442,광주신세계,037710,Consumer Cyclical
443,키다리스튜디오,020120,Communication Services
444,대원강업,000430,Consumer Cyclical
445,NPC,004250,Consumer Cyclical
446,대상홀딩스,084690,Consumer Defensive
447,사조대림,003960,Consumer Defensive
448,삼양패키징,272550,Consumer Cyclical
449,일신방직,003200,Consumer Cyclical
450,BYC,001460,Consumer Cyclical
451,하나제약,293480,Healthcare
452,현대차3우B,005389,Consumer Cyclical
453,한전산업,130660,Utilities
454,코오롱모빌리티그룹,450140,Consumer Cyclical
455,대교,019680,Consumer Defensive
456,코오롱,002020,Industrials
457,신세계 I&C,035510,Technology
458,GS글로벌,001250,Industrials
459,동양,001520,Basic Materials
460,AK홀딩스,006840,Basic Materials
461,HLB글로벌,003580,Industrials
462,STX,011810,Industrials
463,종근당홀딩스,001630,Healthcare
464,삼영무역,002810,Industrials
465,넥센,005720,Consumer Cyclical
466,현대비앤지스틸,004560,Basic Materials
467,성신양회,004980,Basic Materials
468,아주스틸,139990,Basic Materials
469,한국금융지주우,071055,Financial Services
470,테이팩스,055490,Basic Materials
471,한솔테크닉스,004710,Technology
472,그린케미칼,083420,Basic Materials
473,와이투솔루션,011690,Industrials
474,현대코퍼레이션,011760,Industrials
475,스틱인베스트먼트,026890,Financial Services
476,JW홀딩스,096760,Healthcare
477,대성에너지,117580,Utilities
478,디아이씨,092200,Consumer Cyclical
479,대한제분,001130,Consumer Defensive
480,경동인베스트,012320,Utilities
481,두산우,000155,Industrials
482,세종공업,033530,Consumer Cyclical
483,현대지에프홀딩스,005440,Consumer Defensive
484,금호건설,002990,Industrials
485,일진홀딩스,015860,Industrials
486,다올투자증권,030210,Financial Services
487,미원홀딩스,107590,Basic Materials
488,신대양제지,016590,Basic Materials
489,LS네트웍스,000680,Consumer Cyclical
490,큐로,015590,Industrials
491,동성케미컬,102260,Basic Materials
492,KPX케미칼,025000,Basic Materials
493,무림P&P,009580,Basic Materials
494,대덕,008060,Technology
495,하이트진로홀딩스,000140,Consumer Defensive
496,삼성제약,001360,Healthcare
497,교촌에프앤비,339770,Consumer Cyclical
498,HDC랩스,039570,Technology
499,이월드,084680,Consumer Cyclical
500,삼성출판사,068290,Communication Services
501,제일파마홀딩스,002620,Healthcare
502,퍼스텍,010820,Industrials
503,에이블씨엔씨,078520,Consumer Defensive
504,태경산업,015890,Basic Materials
505,S-Oil우,010955,Energy
506,KPX홀딩스,092230,Industrials
507,서연,007860,Consumer Cyclical
508,디앤디플랫폼리츠,377190,Etc
509,부국증권,001270,Financial Services
510,LS전선아시아,229640,Industrials
511,한독,002390,Healthcare
512,선진,136490,Consumer Defensive
513,삼성전기우,009155,Technology
514,신한서부티엔디리츠,404990,Etc
515,AJ네트웍스,095570,Industrials
516,유니온머티리얼,047400,Industrials
517,대창단조,015230,Consumer Cyclical
518,흥국화재,000540,Financial Services
519,화승인더,006060,Consumer Cyclical
520,경농,002100,Basic Materials
521,금호석유우,011785,Basic Materials
522,JW생명과학,234080,Healthcare
523,태림포장,011280,Consumer Cyclical
524,경인양행,012610,Basic Materials
525,사조산업,007160,Consumer Defensive
526,디아이,003160,Technology
527,태경비케이,014580,Basic Materials
528,CJ제일제당 우,097955,Consumer Defensive
529,LG우,003555,Technology
530,삼영전자,005680,Technology
531,예스코홀딩스,015360,Utilities
532,한세예스24홀딩스,016450,Consumer Cyclical
533,동아지질,028100,Industrials
534,코람코더원리츠,417310,Etc
535,한신기계,011700,Industrials
536,진흥기업,002780,Industrials
537,KSS해운,044450,Industrials
538,NI스틸,008260,Basic Materials
539,우진,105840,Technology
540,광전자,017900,Technology
541,진양홀딩스,100250,Basic Materials
542,백산,035150,Consumer Cyclical
543,이지스밸류리츠,334890,Real Estate
544,대성산업,128820,Energy
545,DB금융투자,016610,Financial Services
546,STX중공업,071970,Industrials
547,경보제약,214390,Healthcare
548,해태제과식품,101530,Consumer Defensive
549,NH투자증권우,005945,Financial Services
550,삼화페인트,000390,Basic Materials
551,유수홀딩스,000700,Industrials
552,한국패러랠,168490,Etc
553,동부건설,005960,Industrials
554,노루페인트,090350,Basic Materials
555,제이에스코퍼레이션,194370,Consumer Cyclical
556,SNT에너지,100840,Industrials
557,한국주철관,000970,Basic Materials
558,삼화전기,009470,Technology
559,신세계푸드,031440,Consumer Defensive
560,아남전자,008700,Technology
561,신라교역,004970,Consumer Defensive
562,현대리바트,079430,Consumer Cyclical
563,동아타이어,282690,Consumer Cyclical
564,삼영,003720,Consumer Cyclical
565,무학,033920,Consumer Defensive
566,인스코비,006490,Communication Services
567,삼성물산우B,02826K,Industrials
568,휴비스,079980,Consumer Cyclical
569,금강공업,014280,Basic Materials
570,사조동아원,008040,Consumer Defensive
571,HDC현대EP,089470,Consumer Cyclical
572,팜스코,036580,Consumer Defensive
573,태영건설,009410,Industrials
574,한국내화,010040,Industrials
575,디와이,013570,Consumer Cyclical
576,동성제약,002210,Healthcare
577,NH올원리츠,400760,Etc
578,SK이노베이션우,096775,Energy
579,디씨엠,024090,Basic Materials
580,강남제비스코,000860,Basic Materials
581,태경케미컬,006890,Utilities
582,이구산업,025820,Industrials
583,KTcs,058850,Industrials
584,현대약품,004310,Healthcare
585,삼양통상,002170,Consumer Cyclical
586,용평리조트,070960,Consumer Cyclical
587,대영포장,014160,Consumer Cyclical
588,컨버즈,109070,Etc
589,금호에이치티,214330,Consumer Cyclical
590,샘표,007540,Consumer Defensive
591,효성ITX,094280,Technology
592,아모레G3우(전환),00279K,Etc
593,신원,009270,Consumer Cyclical
594,벽산,007210,Industrials
595,계룡건설,013580,Industrials
596,종근당바이오,063160,Healthcare
597,수산중공업,017550,Industrials
598,아시아나IDT,267850,Technology
599,인지컨트롤스,023800,Consumer Cyclical
600,두올,016740,Consumer Cyclical
601,한컴라이프케어,372910,Technology
602,디와이파워,210540,Industrials
603,미원화학,134380,Basic Materials
604,신일전자,002700,Consumer Cyclical
605,성창기업지주,000180,Basic Materials
606,성안,011300,Consumer Cyclical
607,세아특수강,019440,Basic Materials
608,대한화섬,003830,Consumer Cyclical
609,황금에스티,032560,Basic Materials
610,대양금속,009190,Basic Materials
611,동남합성,023450,Basic Materials
612,노루홀딩스,000320,Basic Materials
613,유화증권,003460,Financial Services
614,씨티알모빌리티,308170,Consumer Cyclical
615,한국석유,004090,Basic Materials
616,일동홀딩스,000230,Healthcare
617,신흥,004080,Healthcare
618,샘표식품,248170,Consumer Defensive
619,대창,012800,Industrials
620,한솔홀딩스,004150,Basic Materials
621,삼원강재,023000,Basic Materials
622,웰바이오텍,010600,Consumer Cyclical
623,다이나믹디자인,145210,Industrials
624,조선선재,120030,Industrials
625,극동유화,014530,Basic Materials
626,동양철관,008970,Basic Materials
627,대신증권2우B,003547,Financial Services
628,경동도시가스,267290,Utilities
629,KCTC,009070,Industrials
630,한국수출포장,002200,Consumer Cyclical
631,조흥,002600,Consumer Defensive
632,가온전선,000500,Technology
633,일성건설,013360,Industrials
634,CJ씨푸드,011150,Consumer Defensive
635,두산퓨얼셀1우,33626K,Industrials
636,한국특강,007280,Basic Materials
637,미창석유,003650,Energy
638,한국공항,005430,Industrials
639,토니모리,214420,Consumer Defensive
640,대원화성,024890,Basic Materials
641,KTis,058860,Communication Services
642,웅진,016880,Industrials
643,광명전기,017040,Industrials
644,세이브존I&C,067830,Consumer Cyclical
645,삼화전자,011230,Technology
646,한양증권,001750,Financial Services
647,유니켐,011330,Consumer Cyclical
648,유니온,000910,Basic Materials
649,화승코퍼레이션,013520,Consumer Cyclical
650,인천도시가스,034590,Utilities
651,한국무브넥스,010100,Consumer Cyclical
652,CJ우,001045,Industrials
653,삼익악기,002450,Technology
654,한국화장품제조,003350,Consumer Defensive
655,대구백화점,006370,Consumer Cyclical
656,이지스레지던스리츠,350520,Real Estate
657,콤텍시스템,031820,Technology
658,한국화장품,123690,Consumer Defensive
659,삼일제약,000520,Healthcare
660,크라운제과,264900,Consumer Defensive
661,한진중공업홀딩스,003480,Industrials
662,대유플러스,000300,Technology
663,플레이그램,009810,Industrials
664,고려산업,002140,Consumer Defensive
665,동방,004140,Industrials
666,무림페이퍼,009200,Basic Materials
667,HL D&I,014790,Industrials
668,SG세계물산,004060,Consumer Cyclical
669,에이플러스에셋,244920,Financial Services
670,미래산업,025560,Technology
671,현대코퍼레이션홀딩스,227840,Consumer Defensive
672,DRB동일,004840,Consumer Cyclical
673,모나리자,012690,Consumer Defensive
674,화성산업,002460,Industrials
675,엔에이치스팩19호,380440,Financial Services
676,미래에셋글로벌리츠,396690,Real Estate
677,지투알,035000,Communication Services
678,보락,002760,Basic Materials
679,KC코트렐,119650,Industrials
680,제일연마,001560,Industrials
681,금비,008870,Consumer Cyclical
682,지엠비코리아,013870,Consumer Cyclical
683,기신정기,092440,Industrials
684,깨끗한나라,004540,Basic Materials
685,신송홀딩스,006880,Industrials
686,일신석재,007110,Industrials
687,대현,016090,Consumer Cyclical
688,팜젠사이언스,004720,Healthcare
689,인팩,023810,Consumer Cyclical
690,신영와코루,005800,Consumer Cyclical
691,남광토건,001260,Industrials
692,한신공영,004960,Industrials
693,유유제약,000220,Healthcare
694,평화산업,090080,Consumer Cyclical
695,삼성공조,006660,Consumer Cyclical
696,크라운해태홀딩스,005740,Consumer Defensive
697,유니드비티플러스,446070,Etc
698,사조씨푸드,014710,Consumer Defensive
699,동일고무벨트,163560,Consumer Cyclical
700,삼호개발,010960,Industrials
701,국제약품,002720,Healthcare
702,한세엠케이,069640,Consumer Cyclical
703,대동전자,008110,Industrials
704,KC그린홀딩스,009440,Industrials
705,한화솔루션우,009835,Basic Materials
706,휴니드,005870,Technology
707,명문제약,017180,Healthcare
708,동방아그로,007590,Basic Materials
709,대호에이엘,069460,Basic Materials
710,대원전선,006340,Industrials
711,마스턴프리미어리츠,357430,Real Estate
712,다스코,058730,Basic Materials
713,한일철강,002220,Basic Materials
714,조광페인트,004910,Basic Materials
715,씨아이테크,004920,Technology
716,텔코웨어,078000,Communication Services
717,마니커,027740,Consumer Defensive
718,화천기계,010660,Industrials
719,세원정공,021820,Consumer Cyclical
720,SH에너지화학,002360,Basic Materials
721,화승알앤에이,378850,Consumer Cyclical
722,새론오토모티브,075180,Consumer Cyclical
723,상상인증권,001290,Financial Services
724,진양산업,003780,Consumer Cyclical
725,SJM,123700,Consumer Cyclical
726,화천기공,000850,Industrials
727,코스맥스비티아이,044820,Consumer Defensive
728,한솔홈데코,025750,Consumer Cyclical
729,SK우,03473K,Technology
730,오리엔트바이오,002630,Healthcare
731,조비,001550,Basic Materials
732,대우부품,009320,Consumer Cyclical
733,써니전자,004770,Technology
734,에이엔피,015260,Technology
735,두산2우B,000157,Industrials
736,KH 필룩스,033180,Industrials
737,보해양조,000890,Consumer Defensive
738,상신브레이크,041650,Consumer Cyclical
739,이건산업,008250,Basic Materials
740,NH프라임리츠,338100,Etc
741,대유에이텍,002880,Consumer Cyclical
742,까뮤이앤씨,013700,Industrials
743,서울식품,004410,Consumer Defensive
744,하이스틸,071090,Basic Materials
745,혜인,003010,Industrials
746,유성기업,002920,Consumer Cyclical
747,한창제지,009460,Basic Materials
748,범양건영,002410,Industrials
749,DSR,155660,Consumer Cyclical
750,사조오양,006090,Consumer Defensive
751,국보,001140,Industrials
752,SJM홀딩스,025530,Consumer Cyclical
753,솔루스첨단소재1우,33637K,Technology
754,영보화학,014440,Basic Materials
755,케이비아이동국실업,001620,Consumer Cyclical
756,엔케이,085310,Industrials
757,아센디오,012170,Communication Services
758,인터지스,129260,Industrials
759,우성,006980,Consumer Defensive
760,호전실업,111110,Consumer Cyclical
761,부산산업,011390,Basic Materials
762,한국종합기술,023350,Industrials
763,태평양물산,007980,Consumer Cyclical
764,한솔로지스틱스,009180,Industrials
765,영흥,012160,Basic Materials
766,남성,004270,Technology
767,인디에프,014990,Consumer Cyclical
768,삼화왕관,004450,Consumer Cyclical
769,부국철강,026940,Basic Materials
770,세하,027970,Basic Materials
771,아모레G우,002795,Consumer Defensive
772,문배철강,008420,Basic Materials
773,시디즈,134790,Consumer Cyclical
774,천일고속,000650,Industrials
775,현대건설우,000725,Industrials
776,서원,021050,Industrials
777,한익스프레스,014130,Industrials
778,이화산업,000760,Basic Materials
779,SK케미칼우,28513K,Basic Materials
780,화인베스틸,133820,Basic Materials
781,신세계건설,034300,Industrials
782,DSR제강,069730,Industrials
783,덕성,004830,Consumer Cyclical
784,태양금속,004100,Consumer Cyclical
785,미래에셋맵스리츠,357250,Real Estate
786,일진디스플,020760,Technology
787,티웨이홀딩스,004870,Basic Materials
788,CS홀딩스,000590,Industrials
789,에쓰씨엔지니어링,023960,Industrials
790,우진플라임,049800,Industrials
791,비상교육,100220,Communication Services
792,성보화학,003080,Basic Materials
793,핸즈코퍼레이션,143210,Consumer Cyclical
794,쌍방울,102280,Consumer Cyclical
795,코오롱인더우,120115,Basic Materials
796,삼일씨엔에스,004440,Basic Materials
797,삼정펄프,009770,Basic Materials
798,신풍제약우,019175,Healthcare
799,동양피스톤,092780,Consumer Cyclical
800,인바이오젠,101140,Consumer Cyclical
801,유한양행우,000105,Healthcare
802,동원금속,018500,Consumer Cyclical
803,국동,005320,Consumer Cyclical
804,티에이치엔,019180,Consumer Cyclical
805,메타랩스,090370,Consumer Cyclical
806,KR모터스,000040,Consumer Cyclical
807,계양전기,012200,Industrials
808,SG글로벌,001380,Consumer Cyclical
809,모나미,005360,Consumer Cyclical
810,더메디팜,118000,Healthcare
811,우신시스템,017370,Consumer Cyclical
812,GS우,078935,Industrials
813,갤럭시아에스엠,011420,Communication Services
814,미래에셋증권우,006805,Financial Services
815,IHQ,003560,Communication Services
816,한창,005110,Industrials
817,대림B&Co,005750,Industrials
818,영화금속,012280,Consumer Cyclical
819,부국증권우,001275,Financial Services
820,평화홀딩스,010770,Industrials
821,MH에탄올,023150,Consumer Defensive
822,전방,000950,Consumer Cyclical
823,DL이앤씨2우(전환),37550L,Industrials
824,세원이앤씨,091090,Industrials
825,유엔젤,072130,Communication Services
826,선도전기,007610,Technology
827,진양폴리,010640,Basic Materials
828,원림,005820,Consumer Cyclical
829,대림통상,006570,Consumer Defensive
830,롯데칠성우,005305,Consumer Defensive
831,성문전자,014910,Technology
832,한국전자홀딩스,006200,Technology
833,페이퍼코리아,001020,Basic Materials
834,한국ANKOR유전,152550,Etc
835,진양화학,051630,Basic Materials
836,남양유업우,003925,Consumer Defensive
837,케이탑리츠,145270,Real Estate
838,미래아이앤지,007120,Industrials
839,DL우,000215,Industrials
840,청호ICT,012600,Industrials
841,형지엘리트,093240,Consumer Cyclical
842,주연테크,044380,Technology
843,동양고속,084670,Industrials
844,동일제강,002690,Basic Materials
845,WISCOM,024070,Basic Materials
846,DL이앤씨우,37550K,Industrials
847,세우글로벌,013000,Basic Materials
848,우진아이엔에스,010400,Industrials
849,세기상사,002420,Communication Services
850,바다로19호,155900,Industrials
851,유화증권우,003465,Financial Services
852,호텔신라우,008775,Consumer Cyclical
853,비비안,002070,Consumer Cyclical
854,경인전자,009140,Technology
855,에넥스,011090,Consumer Cyclical
856,SK디스커버리우,006125,Industrials
857,윌비스,008600,Consumer Cyclical
858,태원물산,001420,Consumer Cyclical
859,동원수산,030720,Consumer Defensive
860,참엔지니어링,009310,Technology
861,TBH글로벌,084870,Consumer Cyclical
862,부산주공,005030,Consumer Cyclical
863,이스타코,015020,Real Estate
864,SUN&L,002820,Basic Materials
865,유안타증권우,003475,Financial Services
866,신풍,002870,Consumer Cyclical
867,한국주강,025890,Basic Materials
868,한성기업,003680,Consumer Defensive
869,카프로,006380,Basic Materials
870,체시스,033250,Consumer Cyclical
871,SHD,001770,Consumer Cyclical
872,대교우B,019685,Consumer Defensive
873,진도,088790,Consumer Cyclical
874,두산퓨얼셀2우B,33626L,Industrials
875,BYC우,001465,Consumer Cyclical
876,롯데지주우,00499K,Consumer Defensive
877,제이준코스메틱,025620,Consumer Defensive
878,대한항공우,003495,Industrials
879,금호전기,001210,Industrials
880,한솔PNS,010420,Basic Materials
881,세방우,004365,Industrials
882,모두투어리츠,204210,Real Estate
883,녹십자홀딩스2우,005257,Healthcare
884,한화투자증권우,003535,Financial Services
885,하이트론,019490,Industrials
886,코오롱모빌리티그룹우,45014K,Consumer Cyclical
887,한화갤러리아우,45226K,Consumer Cyclical
888,대덕전자1우,35320K,Technology
889,코아스,071950,Consumer Cyclical
890,솔루스첨단소재2우B,33637L,Technology
891,LX하우시스우,108675,Industrials
892,대한제당우,001795,Consumer Defensive
893,대상우,001685,Consumer Defensive
894,넥센타이어1우B,002355,Consumer Cyclical
895,비케이탑스,030790,Technology
896,하이트진로2우B,000087,Consumer Defensive
897,NPC우,004255,Consumer Cyclical
898,삼성중공우,010145,Industrials
899,코리아써우,007815,Technology
900,한화우,000885,Industrials
901,에이리츠,140910,Real Estate
902,삼양홀딩스우,000075,Industrials
903,코오롱글로벌우,003075,Industrials
904,코오롱우,002025,Industrials
905,한진칼우,18064K,Industrials
906,일정실업,008500,Consumer Cyclical
907,LX홀딩스1우,38380K,Industrials
908,유유제약1우,000225,Healthcare
909,JW중외제약2우B,001067,Healthcare
910,티와이홀딩스우,36328K,Communication Services
911,대덕1우,00806K,Technology
912,넥센우,005725,Consumer Cyclical
913,태양금속우,004105,Consumer Cyclical
914,성신양회우,004985,Basic Materials
915,JW중외제약우,001065,Healthcare
916,삼양사우,145995,Industrials
917,SK증권우,001515,Financial Services
918,대상홀딩스우,084695,Consumer Defensive
919,일양약품우,007575,Healthcare
920,태영건설우,009415,Industrials
921,남선알미우,008355,Basic Materials
922,크라운제과우,26490K,Consumer Defensive
923,DB하이텍1우,000995,Technology
924,덕성우,004835,Consumer Cyclical
925,동원시스템즈우,014825,Consumer Cyclical
926,코리아써키트2우B,00781K,Technology
927,대원전선우,006345,Industrials
928,동부건설우,005965,Industrials
929,한양증권우,001755,Financial Services
930,금강공업우,014285,Basic Materials
931,크라운해태홀딩스우,005745,Consumer Defensive
932,노루페인트우,090355,Basic Materials
933,깨끗한나라우,004545,Basic Materials
934,금호건설우,002995,Industrials
935,하이트진로홀딩스우,000145,Consumer Defensive
936,현대비앤지스틸우,004565,Basic Materials
937,계양전기우,012205,Industrials
938,서울식품우,004415,Consumer Defensive
939,노루홀딩스우,000325,Basic Materials
940,SK네트웍스우,001745,Industrials
941,CJ씨푸드1우,011155,Consumer Defensive
942,성문전자우,014915,Technology
943,진흥기업우B,002785,Industrials
944,흥국화재우,000545,Financial Services
945,유유제약2우B,000227,Healthcare
946,동양2우B,001527,Basic Materials
947,동양우,001525,Basic Materials
948,진흥기업2우B,002787,Industrials
949,흥국화재2우B,000547,Financial Services
0,에코프로비엠,247540,Etc
1,에코프로,086520,Etc
2,셀트리온헬스케어,091990,Etc
3,엘앤에프,066970,Etc
4,HLB,028300,Etc
5,JYP Ent.,035900,Etc
6,셀트리온제약,068760,Etc
7,카카오게임즈,293490,Etc
8,펄어비스,263750,Etc
9,오스템임플란트,048260,Etc
10,알테오젠,196170,Etc
11,에스엠,041510,Etc
12,HPSP,403870,Etc
13,케어젠,214370,Etc
14,레인보우로보틱스,277810,Etc
15,천보,278280,Etc
16,리노공업,058470,Etc
17,동진쎄미켐,005290,Etc
18,스튜디오드래곤,253450,Etc
19,메디톡스,086900,Etc
20,더블유씨피,393890,Etc
21,클래시스,214150,Etc
22,솔브레인,357780,Etc
23,포스코DX,022100,Etc
24,성일하이텍,365340,Etc
25,와이지엔터테인먼트,122870,Etc
26,CJ ENM,035760,Etc
27,에스티팜,237690,Etc
28,원익IPS,240810,Etc
29,위메이드,112040,Etc
30,나노신소재,121600,Etc
31,카나리아바이오,016790,Etc
32,대주전자재료,078600,Etc
33,삼천당제약,000250,Etc
34,에스에프에이,056190,Etc
35,윤성에프앤씨,372170,Etc
36,바이오니아,064550,Etc
37,휴젤,145020,Etc
38,넥슨게임즈,225570,Etc
39,파라다이스,034230,Etc
40,씨젠,096530,Etc
41,파마리서치,214450,Etc
42,피엔티,137400,Etc
43,루닛,328130,Etc
44,티씨케이,064760,Etc
45,엔켐,348370,Etc
46,HLB생명과학,067630,Etc
47,에스앤에스텍,101490,Etc
48,파크시스템스,140860,Etc
49,에이비엘바이오,298380,Etc
50,이오테크닉스,039030,Etc
51,포스코엠텍,009520,Etc
52,덕산네오룩스,213420,Etc
53,레고켐바이오,141080,Etc
54,네오위즈,095660,Etc
55,제이오,418550,Etc
56,에코프로에이치엔,383310,Etc
57,레이크머티리얼즈,281740,Etc
58,동화기업,025900,Etc
59,심텍,222800,Etc
60,HK이노엔,195940,Etc
61,현대바이오,048410,Etc
62,고영,098460,Etc
63,하림지주,003380,Etc
64,SFA반도체,036540,Etc
65,오스코텍,039200,Etc
66,기가비스,420770,Etc
67,하나머티리얼즈,166090,Etc
68,에스티큐브,052020,Etc
69,ISC,095340,Etc
70,비에이치,090460,Etc
71,컴투스,078340,Etc
72,차바이오텍,085660,Etc
73,디어유,376300,Etc
74,아프리카TV,067160,Etc
75,하이드로리튬,101670,Etc
76,이오플로우,294090,Etc
77,씨아이에스,222080,Etc
78,미래나노텍,095500,Etc
79,성우하이텍,015750,Etc
80,이녹스첨단소재,272290,Etc
81,엘앤씨바이오,290650,Etc
82,하나마이크론,067310,Etc
83,주성엔지니어링,036930,Etc
84,에스피지,058610,Etc
85,루트로닉,085370,Etc
86,메가스터디교육,215200,Etc
87,원텍,336570,Etc
88,어반리튬,073570,Etc
89,케이엠더블유,032500,Etc
90,골프존,215000,Etc
91,제이시스메디칼,287410,Etc
92,넥스틴,348210,Etc
93,서울반도체,046890,Etc
94,지씨셀,144510,Etc
95,코오롱티슈진,950160,Etc
96,동국제약,086450,Etc
97,유진테크,084370,Etc
98,메지온,140410,Etc
99,강원에너지,114190,Etc
100,원익QnC,074600,Etc
101,솔브레인홀딩스,036830,Etc
102,NICE평가정보,030190,Etc
103,네이처셀,007390,Etc
104,안랩,053800,Etc
105,인텔리안테크,189300,Etc
106,위지윅스튜디오,299900,Etc
107,커넥트웨이브,119860,Etc
108,콜마비앤에이치,200130,Etc
109,서진시스템,178320,Etc
110,신라젠,215600,Etc
111,젬백스,082270,Etc
112,피에스케이,319660,Etc
113,박셀바이오,323990,Etc
114,인탑스,049070,Etc
115,RFHIC,218410,Etc
116,새로닉스,042600,Etc
117,다우데이타,032190,Etc
118,엠로,058970,Etc
119,데브시스터즈,194480,Etc
120,슈어소프트테크,298830,Etc
121,아이티엠반도체,084850,Etc
122,지오릿에너지,270520,Etc
123,두산테스나,131970,Etc
124,아난티,025980,Etc
125,스마트솔루션즈,136510,Etc
126,엔케이맥스,182400,Etc
127,레이,228670,Etc
128,지아이이노베이션,358570,Etc
129,파트론,091700,Etc
130,다원시스,068240,Etc
131,코미코,183300,Etc
132,현대무벡스,319400,Etc
133,하나기술,299030,Etc
134,바텍,043150,Etc
135,웹젠,069080,Etc
136,티이엠씨,425040,Etc
137,보로노이,310210,Etc
138,제넥신,095700,Etc
139,에프에스티,036810,Etc
140,KG ETS,151860,Etc
141,KH바텍,060720,Etc
142,나노팀,417010,Etc
143,코미팜,041960,Etc
144,모트렉스,118990,Etc
145,대보마그네틱,290670,Etc
146,태광,023160,Etc
147,상아프론테크,089980,Etc
148,큐렉소,060280,Etc
149,아이센스,099190,Etc
150,메드팩토,235980,Etc
151,서부T&D,006730,Etc
152,디오,039840,Etc
153,티에스이,131290,Etc
154,탑머티리얼,360070,Etc
155,코난테크놀로지,402030,Etc
156,인터로조,119610,Etc
157,티앤엘,340570,Etc
158,이브이첨단소재,131400,Etc
159,씨앤씨인터내셔널,352480,Etc
160,이엠텍,091120,Etc
161,네패스,033640,Etc
162,NHN KCP,060250,Etc
163,셀바스AI,108860,Etc
164,월덱스,101160,Etc
165,새빗켐,107600,Etc
166,HLB제약,047920,Etc
167,제이앤티씨,204270,Etc
168,넵튠,217270,Etc
169,테스,095610,Etc
170,에코앤드림,101360,Etc
171,오픈엣지테크놀로지,394280,Etc
172,대명에너지,389260,Etc
173,뉴로메카,348340,Etc
174,HLB테라퓨틱스,115450,Etc
175,인선이엔티,060150,Etc
176,미래반도체,254490,Etc
177,자이언트스텝,289220,Etc
178,비츠로셀,082920,Etc
179,코웰패션,033290,Etc
180,위메이드맥스,101730,Etc
181,성광벤드,014620,Etc
182,삼표시멘트,038500,Etc
183,원익피앤이,217820,Etc
184,로보티즈,108490,Etc
185,한국정보통신,025770,Etc
186,아미코젠,092040,Etc
187,툴젠,199800,Etc
188,클리오,237880,Etc
189,비올,335890,Etc
190,바이오플러스,099430,Etc
191,더네이쳐홀딩스,298540,Etc
192,한글과컴퓨터,030520,Etc
193,매일유업,267980,Etc
194,코엔텍,029960,Etc
195,라온텍,418420,Etc
196,유티아이,179900,Etc
197,인바디,041830,Etc
198,동성화인텍,033500,Etc
199,신흥에스이씨,243840,Etc
200,파인엠텍,441270,Etc
201,휴온스,243070,Etc
202,켐트로닉스,089010,Etc
203,에코마케팅,230360,Etc
204,휴마시스,205470,Etc
205,비나텍,126340,Etc
206,크리스탈지노믹스,083790,Etc
207,코오롱생명과학,102940,Etc
208,LB세미콘,061970,Etc
209,제테마,216080,Etc
210,실리콘투,257720,Etc
211,선익시스템,171090,Etc
212,감성코퍼레이션,036620,Etc
213,바이넥스,053030,Etc
214,덕산테코피아,317330,Etc
215,테라사이언스,073640,Etc
216,중앙디앤엠,051980,Etc
217,CJ프레시웨이,051500,Etc
218,우리기술투자,041190,Etc
219,원익머트리얼즈,104830,Etc
220,동국산업,005160,Etc
221,원준,382840,Etc
222,헬릭스미스,084990,Etc
223,서희건설,035890,Etc
224,KG이니시스,035600,Etc
225,이녹스,088390,Etc
226,엠아이텍,179290,Etc
227,HLB바이오스텝,278650,Etc
228,휴림로봇,090710,Etc
229,코윈테크,282880,Etc
230,쏠리드,050890,Etc
231,톱텍,108230,Etc
232,한국기업평가,034950,Etc
233,와이아이케이,232140,Etc
234,에이스침대,003800,Etc
235,엑세스바이오,950130,Etc
236,가온칩스,399720,Etc
237,뷰웍스,100120,Etc
238,모두투어,080160,Etc
239,에이피티씨,089970,Etc
240,케이아이엔엑스,093320,Etc
241,앱클론,174900,Etc
242,하림,136480,Etc
243,휴메딕스,200670,Etc
244,AP시스템,265520,Etc
245,노바텍,285490,Etc
246,신성델타테크,065350,Etc
247,이엔에프테크놀로지,102710,Etc
248,CMG제약,058820,Etc
249,씨에스베어링,297090,Etc
250,국전약품,307750,Etc
251,제우스,079370,Etc
252,에스에이엠티,031330,Etc
253,하이록코리아,013030,Etc
254,디아크,078590,Etc
255,HLB이노베이션,024850,Etc
256,동원개발,013120,Etc
257,로보스타,090360,Etc
258,하이비젼시스템,126700,Etc
259,유비케어,032620,Etc
260,그래디언트,035080,Etc
261,이랜텍,054210,Etc
262,싸이토젠,217330,Etc
263,해성산업,034810,Etc
264,하이딥,365590,Etc
265,큐브엔터,182360,Etc
266,태웅,044490,Etc
267,유니테스트,086390,Etc
268,엠케이전자,033160,Etc
269,다날,064260,Etc
270,상상인,038540,Etc
271,오킨스전자,080580,Etc
272,컴투스홀딩스,063080,Etc
273,솔트룩스,304100,Etc
274,쎄트렉아이,099320,Etc
275,디이엔티,079810,Etc
276,에스비비테크,389500,Etc
277,BGF에코머티리얼즈,126600,Etc
278,미코,059090,Etc
279,엘오티베큠,083310,Etc
280,네오이뮨텍,950220,Etc
281,프로텍,053610,Etc
282,에치에프알,230240,Etc
283,케이티알파,036030,Etc
284,아주IB투자,027360,Etc
285,제이브이엠,054950,Etc
286,지노믹트리,228760,Etc
287,쿠콘,294570,Etc
288,에이프릴바이오,397030,Etc
289,네패스아크,330860,Etc
290,크리스탈신소재,900250,Etc
291,조이시티,067000,Etc
292,원익홀딩스,030530,Etc
293,미래컴퍼니,049950,Etc
294,비즈니스온,138580,Etc
295,파세코,037070,Etc
296,덕산하이메탈,077360,Etc
297,유바이오로직스,206650,Etc
298,양지사,030960,Etc
299,미래에셋벤처투자,100790,Etc
300,동일금속,109860,Etc
301,자이글,234920,Etc
302,제룡전기,033100,Etc
303,티앤알바이오팹,246710,Etc
304,인터플렉스,051370,Etc
305,엔젯,419080,Etc
306,덱스터,206560,Etc
307,뉴파워프라즈마,144960,Etc
308,바디텍메드,206640,Etc
309,올릭스,226950,Etc
310,한양이엔지,045100,Etc
311,유진기업,023410,Etc
312,HB솔루션,297890,Etc
313,샘씨엔에스,252990,Etc
314,코아스템켐온,166480,Etc
315,아바코,083930,Etc
316,SM C&C,048550,Etc
317,아모그린텍,125210,Etc
318,한국비엔씨,256840,Etc
319,나무가,190510,Etc
320,GRT,900290,Etc
321,진성티이씨,036890,Etc
322,아나패스,123860,Etc
323,테크윙,089030,Etc
324,우리벤처파트너스,298870,Etc
325,상신이디피,091580,Etc
326,칩스앤미디어,094360,Etc
327,티로보틱스,117730,Etc
328,티움바이오,321550,Etc
329,모다이노칩,080420,Etc
330,삼기이브이,419050,Etc
331,YTN,040300,Etc
332,엠에스오토텍,123040,Etc
333,뷰노,338220,Etc
334,나스미디어,089600,Etc
335,사람인,143240,Etc
336,코아시아,045970,Etc
337,에이디테크놀로지,200710,Etc
338,펌텍코리아,251970,Etc
339,프레스티지바이오로직스,334970,Etc
340,한솔아이원스,114810,Etc
341,휴온스글로벌,084110,Etc
342,지놈앤컴퍼니,314130,Etc
343,인트론바이오,048530,Etc
344,알에프세미,096610,Etc
345,코나아이,052400,Etc
346,케이알엠,093640,Etc
347,텔레칩스,054450,Etc
348,아바텍,149950,Etc
349,티에스아이,277880,Etc
350,유비쿼스홀딩스,078070,Etc
351,압타바이오,293780,Etc
352,레몬,294140,Etc
353,이베스트투자증권,078020,Etc
354,인텍플러스,064290,Etc
355,유니셈,036200,Etc
356,씨티씨바이오,060590,Etc
357,와이엠텍,273640,Etc
358,비씨엔씨,146320,Etc
359,SAMG엔터,419530,Etc
360,에이프로,262260,Etc
361,갤럭시아머니트리,094480,Etc
362,켐트로스,220260,Etc
363,동국S&C,100130,Etc
364,DXVX,180400,Etc
365,셀리버리,268600,Etc
366,범한퓨얼셀,382900,Etc
367,팜스토리,027710,Etc
368,시노펙스,025320,Etc
369,한일사료,005860,Etc
370,자람테크놀로지,389020,Etc
371,GST,083450,Etc
372,디알텍,214680,Etc
373,서울옥션,063170,Etc
374,석경에이티,357550,Etc
375,피엔에이치테크,239890,Etc
376,우리기술,032820,Etc
377,네오위즈홀딩스,042420,Etc
378,보광산업,225530,Etc
379,매커스,093520,Etc
380,메디포스트,078160,Etc
381,이수앱지스,086890,Etc
382,맥스트,377030,Etc
383,아진산업,013310,Etc
384,엔피,291230,Etc
385,브이티지엠피,018290,Etc
386,아이디스,143160,Etc
387,슈프리마아이디,317770,Etc
388,풍원정밀,371950,Etc
389,에코플라스틱,038110,Etc
390,지니뮤직,043610,Etc
391,바이오다인,314930,Etc
392,파워로직스,047310,Etc
393,세토피아,222810,Etc
394,고바이오랩,348150,Etc
395,아이씨디,040910,Etc
396,나이스정보통신,036800,Etc
397,쇼박스,086980,Etc
398,유진로봇,056080,Etc
399,대아티아이,045390,Etc
400,랩지노믹스,084650,Etc
401,티사이언티픽,057680,Etc
402,퓨런티어,370090,Etc
403,포인트모바일,318020,Etc
404,티케이케미칼,104480,Etc
405,세경하이테크,148150,Etc
406,크레버스,096240,Etc
407,삼목에스폼,018310,Etc
408,KG모빌리언스,046440,Etc
409,유일로보틱스,388720,Etc
410,피에이치에이,043370,Etc
411,필옵틱스,161580,Etc
412,서울바이오시스,092190,Etc
413,알체라,347860,Etc
414,KX,122450,Etc
415,한국알콜,017890,Etc
416,MDS테크,086960,Etc
417,일진파워,094820,Etc
418,HB테크놀러지,078150,Etc
419,경동제약,011040,Etc
420,인트로메딕,150840,Etc
421,예스티,122640,Etc
422,피에스케이홀딩스,031980,Etc
423,홈캐스트,064240,Etc
424,크리스에프앤씨,110790,Etc
425,한국정보인증,053300,Etc
426,유일에너테크,340930,Etc
427,AP위성,211270,Etc
428,지투파워,388050,Etc
429,아이텍,119830,Etc
430,한국캐피탈,023760,Etc
431,골프존뉴딘홀딩스,121440,Etc
432,APS,054620,Etc
433,디앤씨미디어,263720,Etc
434,한국전자금융,063570,Etc
435,마크로젠,038290,Etc
436,대원미디어,048910,Etc
437,아이패밀리에스씨,114840,Etc
438,휴비츠,065510,Etc
439,디와이피엔에프,104460,Etc
440,아비코전자,036010,Etc
441,한국파마,032300,Etc
442,한양디지텍,078350,Etc
443,슈피겐코리아,192440,Etc
444,비츠로테크,042370,Etc
445,티엘비,356860,Etc
446,이지홀딩스,035810,Etc
447,글로벌텍스프리,204620,Etc
448,비보존 제약,082800,Etc
449,와이지-원,019210,Etc
450,금양그린파워,282720,Etc
451,알서포트,131370,Etc
452,토비스,051360,Etc
453,비에이치아이,083650,Etc
454,이노와이어리스,073490,Etc
455,유니슨,018000,Etc
456,와이솔,122990,Etc
457,시너지이노베이션,048870,Etc
458,공구우먼,366030,Etc
459,피에이치씨,057880,Etc
460,덕우전자,263600,Etc
461,멀티캠퍼스,067280,Etc
462,좋은사람들,033340,Etc
463,영풍정밀,036560,Etc
464,에스와이,109610,Etc
465,위닉스,044340,Etc
466,카페24,042000,Etc
467,케이피에스,256940,Etc
468,LB루셈,376190,Etc
469,에스티아이,039440,Etc
470,제이엘케이,322510,Etc
471,와이엠티,251370,Etc
472,연우,115960,Etc
473,오리콤,010470,Etc
474,리드코프,012700,Etc
475,NEW,160550,Etc
476,에이치피오,357230,Etc
477,JTC,950170,Etc
478,라이온켐텍,171120,Etc
479,샌즈랩,411080,Etc
480,유틸렉스,263050,Etc
481,디엔에프,092070,Etc
482,디케이티,290550,Etc
483,보성파워텍,006910,Etc
484,비덴트,121800,Etc
485,레이언스,228850,Etc
486,소룩스,290690,Etc
487,드림어스컴퍼니,060570,Etc
488,넥스트칩,396270,Etc
489,미스터블루,207760,Etc
490,마음AI,377480,Etc
491,에이스토리,241840,Etc
492,이트론,096040,Etc
493,이크레더블,092130,Etc
494,인크로스,216050,Etc
495,에브리봇,270660,Etc
496,라파스,214260,Etc
497,도이치모터스,067990,Etc
498,금화피에스시,036190,Etc
499,스튜디오미르,408900,Etc
500,켄코아에어로스페이스,274090,Etc
501,아이에이,038880,Etc
502,엠투엔,033310,Etc
503,셀루메드,049180,Etc
504,KT서브마린,060370,Etc
505,에이스테크,088800,Etc
506,모베이스전자,012860,Etc
507,플리토,300080,Etc
508,이스트소프트,047560,Etc
509,이화전기,024810,Etc
510,어보브반도체,102120,Etc
511,아스플로,159010,Etc
512,코스메카코리아,241710,Etc
513,SBI인베스트먼트,019550,Etc
514,브이원텍,251630,Etc
515,안트로젠,065660,Etc
516,현대바이오랜드,052260,Etc
517,대화제약,067080,Etc
518,제주반도체,080220,Etc
519,아모텍,052710,Etc
520,EG,037370,Etc
521,오이솔루션,138080,Etc
522,광무,029480,Etc
523,지아이텍,382480,Etc
524,케이엔제이,272110,Etc
525,웹케시,053580,Etc
526,애니플러스,310200,Etc
527,화인써키트,127980,Etc
528,이엔코퍼레이션,066980,Etc
529,헥토파이낸셜,234340,Etc
530,뉴프렉스,085670,Etc
531,코세스,089890,Etc
532,세아메카닉스,396300,Etc
533,제이씨케미칼,137950,Etc
534,홈센타홀딩스,060560,Etc
535,야스,255440,Etc
536,윈스,136540,Etc
537,테라젠이텍스,066700,Etc
538,아이쓰리시스템,214430,Etc
539,디지털대성,068930,Etc
540,부방,014470,Etc
541,풍국주정,023900,Etc
542,큐알티,405100,Etc
543,잉글우드랩,950140,Etc
544,가비아,079940,Etc
545,청담글로벌,362320,Etc
546,소니드,060230,Etc
547,오파스넷,173130,Etc
548,스코넥,276040,Etc
549,대한약품,023910,Etc
550,휴맥스,115160,Etc
551,슈프리마,236200,Etc
552,동구바이오제약,006620,Etc
553,퓨쳐켐,220100,Etc
554,태웅로직스,124560,Etc
555,세종메디칼,258830,Etc
556,트루엔,417790,Etc
557,드림시큐리티,203650,Etc
558,헥토이노베이션,214180,Etc
559,네오팜,092730,Etc
560,아모센스,357580,Etc
561,세종텔레콤,036630,Etc
562,한스바이오메드,042520,Etc
563,펩트론,087010,Etc
564,신스틸,162300,Etc
565,엑스게이트,356680,Etc
566,이지케어텍,099750,Etc
567,선광,003100,Etc
568,남화산업,111710,Etc
569,서플러스글로벌,140070,Etc
570,미투젠,950190,Etc
571,노바렉스,194700,Etc
572,진시스템,363250,Etc
573,제노코,361390,Etc
574,팸텍,271830,Etc
575,덴티스,261200,Etc
576,코렌텍,104540,Etc
577,오리엔탈정공,014940,Etc
578,오로스테크놀로지,322310,Etc
579,엠투아이,347890,Etc
580,오토앤,353590,Etc
581,브릿지바이오테라퓨틱스,288330,Etc
582,삼보판지,023600,Etc
583,율호,072770,Etc
584,피코그램,376180,Etc
585,오브젠,417860,Etc
586,엠게임,058630,Etc
587,현대이지웰,090850,Etc
588,CJ 바이오사이언스,311690,Etc
589,나이벡,138610,Etc
590,우리산업,215360,Etc
591,엑셈,205100,Etc
592,동아화성,041930,Etc
593,차백신연구소,261780,Etc
594,모니터랩,434480,Etc
595,키이스트,054780,Etc
596,팬엔터테인먼트,068050,Etc
597,코닉오토메이션,391710,Etc
598,인성정보,033230,Etc
599,오션브릿지,241790,Etc
600,브랜드엑스코퍼레이션,337930,Etc
601,팅크웨어,084730,Etc
602,바이오에프디엔씨,251120,Etc
603,JW신약,067290,Etc
604,래몽래인,200350,Etc
605,동운아나텍,094170,Etc
606,디스플레이텍,066670,Etc
607,디아이티,110990,Etc
608,와이엔텍,067900,Etc
609,레드캡투어,038390,Etc
610,에스엔유,080000,Etc
611,초록뱀미디어,047820,Etc
612,제이엔케이히터,126880,Etc
613,에이비프로바이오,195990,Etc
614,아스트,067390,Etc
615,녹원씨엔아이,065560,Etc
616,화일약품,061250,Etc
617,DMS,068790,Etc
618,와이팜,332570,Etc
619,에이비온,203400,Etc
620,제로투세븐,159580,Etc
621,셀바스헬스케어,208370,Etc
622,빅텍,065450,Etc
623,포바이포,389140,Etc
624,디에스케이,109740,Etc
625,선바이오,067370,Etc
626,싸이맥스,160980,Etc
627,하이소닉,106080,Etc
628,에스피시스템스,317830,Etc
629,엠플러스,259630,Etc
630,삼지전자,037460,Etc
631,피플바이오,304840,Etc
632,씨유박스,340810,Etc
633,기가레인,049080,Etc
634,지앤비에스 에코,382800,Etc
635,아미노로직스,074430,Etc
636,대한광통신,010170,Etc
637,알비더블유,361570,Etc
638,네온테크,306620,Etc
639,나인테크,267320,Etc
640,제이스텍,090470,Etc
641,펨트론,168360,Etc
642,오비고,352910,Etc
643,DGP,060900,Etc
644,특수건설,026150,Etc
645,엔지켐생명과학,183490,Etc
646,에이팩트,200470,Etc
647,심텍홀딩스,036710,Etc
648,리파인,377450,Etc
649,에스퓨얼셀,288620,Etc
650,미래생명자원,218150,Etc
651,고려신용정보,049720,Etc
652,현대에버다임,041440,Etc
653,플래스크,041590,Etc
654,푸른저축은행,007330,Etc
655,3S,060310,Etc
656,엘컴텍,037950,Etc
657,알에프텍,061040,Etc
658,이노메트리,302430,Etc
659,코텍,052330,Etc
660,타이거일렉,219130,Etc
661,시그네틱스,033170,Etc
662,인카금융서비스,211050,Etc
663,엔시스,333620,Etc
664,녹십자웰빙,234690,Etc
665,이지바이오,353810,Etc
666,케이엔더블유,105330,Etc
667,SBS콘텐츠허브,046140,Etc
668,대성하이텍,129920,Etc
669,우주일렉트로,065680,Etc
670,큐라클,365270,Etc
671,지니언스,263860,Etc
672,농우바이오,054050,Etc
673,에스엠코어,007820,Etc
674,SCI평가정보,036120,Etc
675,우수AMS,066590,Etc
676,아이디스홀딩스,054800,Etc
677,삼보모터스,053700,Etc
678,예스24,053280,Etc
679,바이젠셀,308080,Etc
680,수젠텍,253840,Etc
681,우리바이오,082850,Etc
682,모비데이즈,363260,Etc
683,엔투텍,227950,Etc
684,EDGC,245620,Etc
685,알에스오토메이션,140670,Etc
686,케이옥션,102370,Etc
687,소마젠,950200,Etc
688,유비쿼스,264450,Etc
689,코센,009730,Etc
690,비엠티,086670,Etc
691,나노엔텍,039860,Etc
692,케이프,064820,Etc
693,진영,285800,Etc
694,메가스터디,072870,Etc
695,다산네트웍스,039560,Etc
696,동양이엔피,079960,Etc
697,러셀,217500,Etc
698,라온테크,232680,Etc
699,참좋은여행,094850,Etc
700,현대공업,170030,Etc
701,지오엘리먼트,311320,Etc
702,모델솔루션,417970,Etc
703,대한뉴팜,054670,Etc
704,쎌바이오텍,049960,Etc
705,꿈비,407400,Etc
706,원티드랩,376980,Etc
707,이루다,164060,Etc
708,인피니트헬스케어,071200,Etc
709,케어랩스,263700,Etc
710,폴라리스오피스,041020,Etc
711,에스제이그룹,306040,Etc
712,우리손에프앤지,073560,Etc
713,에스바이오메딕스,304360,Etc
714,한국경제TV,039340,Etc
715,텔콘RF제약,200230,Etc
716,대원산업,005710,Etc
717,카이노스메드,284620,Etc
718,샤페론,378800,Etc
719,큐리언트,115180,Etc
720,원방테크,053080,Etc
721,솔본,035610,Etc
722,경창산업,024910,Etc
723,디에이테크놀로지,196490,Etc
724,일승,333430,Etc
725,희림,037440,Etc
726,위메이드플레이,123420,Etc
727,메쎄이상,408920,Etc
728,제일전기공업,199820,Etc
729,라온피플,300120,Etc
730,저스템,417840,Etc
731,위드텍,348350,Etc
732,에스씨엠생명과학,298060,Etc
733,빅솔론,093190,Etc
734,캠시스,050110,Etc
735,노랑풍선,104620,Etc
736,대정화금,120240,Etc
737,국보디자인,066620,Etc
738,세운메디칼,100700,Etc
739,마이크로디지탈,305090,Etc
740,옵티팜,153710,Etc
741,나우IB,293580,Etc
742,LB인베스트먼트,309960,Etc
743,아이큐어,175250,Etc
744,디바이스이엔지,187870,Etc
745,아셈스,136410,Etc
746,엔브이에이치코리아,067570,Etc
747,금강철강,053260,Etc
748,바이브컴퍼니,301300,Etc
749,한컴위드,054920,Etc
750,베노홀딩스,206400,Etc
751,KCC건설,021320,Etc
752,제너셈,217190,Etc
753,강스템바이오텍,217730,Etc
754,유니크,011320,Etc
755,KNN,058400,Etc
756,삼아제약,009300,Etc
757,네오셈,253590,Etc
758,SBI핀테크솔루션즈,950110,Etc
759,에이티넘인베스트,021080,Etc
760,매일홀딩스,005990,Etc
761,비엘,142760,Etc
762,가온그룹,078890,Etc
763,씨앤투스,352700,Etc
764,코리아나,027050,Etc
765,중앙에너비스,000440,Etc
766,마이크로투나노,424980,Etc
767,지에스이,053050,Etc
768,세코닉스,053450,Etc
769,이엠코리아,095190,Etc
770,휴센텍,215090,Etc
771,와이엠씨,155650,Etc
772,포인트엔지니어링,256630,Etc
773,대모,317850,Etc
774,영화테크,265560,Etc
775,인포마크,175140,Etc
776,와이씨켐,112290,Etc
777,흥국에프엔비,189980,Etc
778,서원인텍,093920,Etc
779,오성첨단소재,052420,Etc
780,미투온,201490,Etc
781,유니테크노,241690,Etc
782,삼기,122350,Etc
783,디알젬,263690,Etc
784,바이오톡스텍,086040,Etc
785,아스타,246720,Etc
786,에코캡,128540,Etc
787,한라IMS,092460,Etc
788,SV인베스트먼트,289080,Etc
789,폴라리스세원,234100,Etc
790,엑시콘,092870,Etc
791,서한,011370,Etc
792,에스트래픽,234300,Etc
793,FSN,214270,Etc
794,SDN,099220,Etc
795,신테카바이오,226330,Etc
796,제이스코홀딩스,023440,Etc
797,삼화네트웍스,046390,Etc
798,로체시스템즈,071280,Etc
799,메카로,241770,Etc
800,웰크론한텍,076080,Etc
801,나라엠앤디,051490,Etc
802,피제이메탈,128660,Etc
803,브리지텍,064480,Etc
804,파이버프로,368770,Etc
805,일월지엠엘,178780,Etc
806,씨이랩,189330,Etc
807,에이테크솔루션,071670,Etc
808,위세아이텍,065370,Etc
809,이원컴포텍,088290,Etc
810,로보로보,215100,Etc
811,그린플러스,186230,Etc
812,남화토건,091590,Etc
813,케이피에프,024880,Etc
814,라이콤,388790,Etc
815,중앙백신,072020,Etc
816,인포뱅크,039290,Etc
817,아가방컴퍼니,013990,Etc
818,모아데이타,288980,Etc
819,정상제이엘에스,040420,Etc
820,아이에스이커머스,069920,Etc
821,대양전기공업,108380,Etc
822,프롬바이오,377220,Etc
823,티쓰리,204610,Etc
824,국순당,043650,Etc
825,비트컴퓨터,032850,Etc
826,핌스,347770,Etc
827,코스맥스엔비티,222040,Etc
828,와이어블,065530,Etc
829,비아트론,141000,Etc
830,KBG,318000,Etc
831,한주라이트메탈,198940,Etc
832,푸드나무,290720,Etc
833,나라셀라,405920,Etc
834,씨티케이,260930,Etc
835,케이사인,192250,Etc
836,진로발효,018120,Etc
837,제이씨현시스템,033320,Etc
838,하이로닉,149980,Etc
839,오르비텍,046120,Etc
840,현우산업,092300,Etc
841,하인크코리아,373200,Etc
842,DSC인베스트먼트,241520,Etc
843,핑거,163730,Etc
844,케이씨에스,115500,Etc
845,코스텍시스,355150,Etc
846,제노레이,122310,Etc
847,플라즈맵,405000,Etc
848,안국약품,001540,Etc
849,지어소프트,051160,Etc
850,TJ미디어,032540,Etc
851,젬백스링크,064800,Etc
852,씨앤지하이테크,264660,Etc
853,액션스퀘어,205500,Etc
854,제노포커스,187420,Etc
855,나래나노텍,137080,Etc
856,티에프이,425420,Etc
857,유라테크,048430,Etc
858,에프앤가이드,064850,Etc
859,데이타솔루션,263800,Etc
860,에스코넥,096630,Etc
861,윈팩,097800,Etc
862,이큐셀,160600,Etc
863,서린바이오,038070,Etc
864,오상자이엘,053980,Etc
865,신도기연,290520,Etc
866,한국선재,025550,Etc
867,모바일어플라이언스,087260,Etc
868,이노뎁,303530,Etc
869,성호전자,043260,Etc
870,동신건설,025950,Etc
871,선진뷰티사이언스,086710,Etc
872,인화정공,101930,Etc
873,베뉴지,019010,Etc
874,엔바이오니아,317870,Etc
875,탑코미디어,134580,Etc
876,나이스디앤비,130580,Etc
877,유에스티,263770,Etc
878,파나진,046210,Etc
879,삼양옵틱스,225190,Etc
880,동아엘텍,088130,Etc
881,트윔,290090,Etc
882,티비씨,033830,Etc
883,알피바이오,314140,Etc
884,센코,347000,Etc
885,모비릭스,348030,Etc
886,트루윈,105550,Etc
887,바이오솔루션,086820,Etc
888,위더스제약,330350,Etc
889,국일제지,078130,Etc
890,피씨엘,241820,Etc
891,엠에스씨,009780,Etc
892,에이치와이티씨,148930,Etc
893,코리아에프티,123410,Etc
894,녹십자엠에스,142280,Etc
895,골드앤에스,035290,Etc
896,줌인터넷,239340,Etc
897,한국전자인증,041460,Etc
898,상신전자,263810,Etc
899,HRS,036640,Etc
900,일신바이오,068330,Etc
901,테고사이언스,191420,Etc
902,아이씨에이치,368600,Etc
903,티플랙스,081150,Etc
904,신일제약,012790,Etc
905,엠젠솔루션,032790,Etc
906,디케이락,105740,Etc
907,에스넷,038680,Etc
908,아이진,185490,Etc
909,RF머트리얼즈,327260,Etc
910,KCI,036670,Etc
911,플래티어,367000,Etc
912,코콤,015710,Etc
913,아이엠,101390,Etc
914,코퍼스코리아,322780,Etc
915,잉크테크,049550,Etc
916,세보엠이씨,011560,Etc
917,SM Life Design,063440,Etc
918,창해에탄올,004650,Etc
919,파이오링크,170790,Etc
920,아이엘사이언스,307180,Etc
921,구영테크,053270,Etc
922,신화인터텍,056700,Etc
923,에이치엘사이언스,239610,Etc
924,미코바이오메드,214610,Etc
925,버킷스튜디오,066410,Etc
926,탑엔지니어링,065130,Etc
927,엔비티,236810,Etc
928,아진엑스텍,059120,Etc
929,피제이전자,006140,Etc
930,우림피티에스,101170,Etc
931,피엔케이피부임상연구센타,347740,Etc
932,시스웍,269620,Etc
933,힘스,238490,Etc
934,옵투스제약,131030,Etc
935,쎄노텍,222420,Etc
936,큐에스아이,066310,Etc
937,비트나인,357880,Etc
938,딥노이드,315640,Etc
939,상보,027580,Etc
940,알리코제약,260660,Etc
941,나무기술,242040,Etc
942,유신,054930,Etc
943,자연과환경,043910,Etc
944,웨이브일렉트로,095270,Etc
945,서호전기,065710,Etc
946,인지디스플레,037330,Etc
947,한일단조,024740,Etc
948,유아이엘,049520,Etc
949,올리패스,244460,Etc
950,오픈베이스,049480,Etc
951,제룡산업,147830,Etc
952,스맥,099440,Etc
953,SBW생명과학,151910,Etc
954,케이피엠테크,042040,Etc
955,엔젠바이오,354200,Etc
956,대원,007680,Etc
957,휴맥스홀딩스,028080,Etc
958,이노시스,056090,Etc
959,바이오인프라,199730,Etc
960,명성티엔에스,257370,Etc
961,키네마스터,139670,Etc
962,수성샐바시온,084180,Etc
963,우리넷,115440,Etc
964,유비벨록스,089850,Etc
965,누보,332290,Etc
966,제놀루션,225220,Etc
967,엘티씨,170920,Etc
968,덕신하우징,090410,Etc
969,에프엔씨엔터,173940,Etc
970,메타바이오메드,059210,Etc
971,엠벤처투자,019590,Etc
972,클리노믹스,352770,Etc
973,컴퍼니케이,307930,Etc
974,에스텍파마,041910,Etc
975,이지트로닉스,377330,Etc
976,광림,014200,Etc
977,유성티엔에스,024800,Etc
978,오텍,067170,Etc
979,하이텍팜,106190,Etc
980,모베이스,101330,Etc
981,제주맥주,276730,Etc
982,경남스틸,039240,Etc
983,라온시큐어,042510,Etc
984,프로이천,321260,Etc
985,파수,150900,Etc
986,아이비김영,339950,Etc
987,에이트원,230980,Etc
988,한송네오텍,226440,Etc
989,NHN벅스,104200,Etc
990,엑서지21,043090,Etc
991,내츄럴엔도텍,168330,Etc
992,코데즈컴바인,047770,Etc
993,모비스,250060,Etc
994,린드먼아시아,277070,Etc
995,티에스넥스젠,043220,Etc
996,진매트릭스,109820,Etc
997,에스텍,069510,Etc
998,지엔씨에너지,119850,Etc
999,에이프로젠 H&G,109960,Etc
1000,시공테크,020710,Etc
1001,삼천리자전거,024950,Etc
1002,삼현철강,017480,Etc
1003,머큐리,100590,Etc
1004,아톤,158430,Etc
1005,피에스텍,002230,Etc
1006,핀텔,291810,Etc
1007,산돌,419120,Etc
1008,엔에스엔,031860,Etc
1009,오하임아이엔티,309930,Etc
1010,라이트론,069540,Etc
1011,에너토크,019990,Etc
1012,대양제지,006580,Etc
1013,제이티,089790,Etc
1014,인포바인,115310,Etc
1015,대봉엘에스,078140,Etc
1016,에이에프더블류,312610,Etc
1017,코메론,049430,Etc
1018,오스테오닉,226400,Etc
1019,에스에이티이엔지,351320,Etc
1020,흥구석유,024060,Etc
1021,노을,376930,Etc
1022,위니아에이드,377460,Etc
1023,유니트론텍,142210,Etc
1024,넥스턴바이오,089140,Etc
1025,고려시멘트,198440,Etc
1026,우리산업홀딩스,072470,Etc
1027,웰크론,065950,Etc
1028,코이즈,121850,Etc
1029,램테크놀러지,171010,Etc
1030,애머릿지,900100,Etc
1031,클라우드에어,036170,Etc
1032,바른손,018700,Etc
1033,이삭엔지니어링,351330,Etc
1034,에스씨디,042110,Etc
1035,SGC이테크건설,016250,Etc
1036,DH오토웨어,025440,Etc
1037,애니젠,196300,Etc
1038,인벤티지랩,389470,Etc
1039,셀리드,299660,Etc
1040,에코바이오,038870,Etc
1041,아이티센,124500,Etc
1042,오로라,039830,Etc
1043,씨큐브,101240,Etc
1044,정다운,208140,Etc
1045,대주산업,003310,Etc
1046,대성창투,027830,Etc
1047,동국알앤에스,075970,Etc
1048,제일테크노스,038010,Etc
1049,테크엘,064520,Etc
1050,에이루트,096690,Etc
1051,지니너스,389030,Etc
1052,서진오토모티브,122690,Etc
1053,대림제지,017650,Etc
1054,디와이디,219550,Etc
1055,한일화학,007770,Etc
1056,KX하이텍,052900,Etc
1057,위지트,036090,Etc
1058,대창솔루션,096350,Etc
1059,흥국,010240,Etc
1060,해성티피씨,059270,Etc
1061,에이텍,045660,Etc
1062,코아시아씨엠,196450,Etc
1063,디지틀조선,033130,Etc
1064,링크제니시스,219420,Etc
1065,스톤브릿지벤처스,330730,Etc
1066,퀀타매트릭스,317690,Etc
1067,이랜시스,264850,Etc
1068,iMBC,052220,Etc
1069,누리플렉스,040160,Etc
1070,이엠넷,123570,Etc
1071,코스나인,082660,Etc
1072,투비소프트,079970,Etc
1073,파멥신,208340,Etc
1074,위니아,071460,Etc
1075,CNH,023460,Etc
1076,씨유테크,376290,Etc
1077,포시에스,189690,Etc
1078,엘앤케이바이오,156100,Etc
1079,네오오토,212560,Etc
1080,메디아나,041920,Etc
1081,이니텍,053350,Etc
1082,액토즈소프트,052790,Etc
1083,TKG애강,022220,Etc
1084,동우팜투테이블,088910,Etc
1085,루멘스,038060,Etc
1086,뉴트리,270870,Etc
1087,이화공영,001840,Etc
1088,YBM넷,057030,Etc
1089,블리츠웨이,369370,Etc
1090,아이윈플러스,123010,Etc
1091,링네트,042500,Etc
1092,NE능률,053290,Etc
1093,에프엔에스테크,083500,Etc
1094,세림B&G,340440,Etc
1095,자비스,254120,Etc
1096,이엠앤아이,083470,Etc
1097,브레인즈컴퍼니,099390,Etc
1098,원바이오젠,307280,Etc
1099,와이엠,007530,Etc
1100,리메드,302550,Etc
1101,효성오앤비,097870,Etc
1102,보라티알,250000,Etc
1103,옵트론텍,082210,Etc
1104,메디프론,065650,Etc
1105,드림씨아이에스,223250,Etc
1106,하츠,066130,Etc
1107,슈프리마에이치큐,094840,Etc
1108,에스맥,097780,Etc
1109,나노씨엠에스,247660,Etc
1110,케이에스피,073010,Etc
1111,큐캐피탈,016600,Etc
1112,신신제약,002800,Etc
1113,한국팩키지,037230,Etc
1114,이글벳,044960,Etc
1115,옵티시스,109080,Etc
1116,엔에프씨,265740,Etc
1117,액트로,290740,Etc
1118,팜스빌,318010,Etc
1119,진양제약,007370,Etc
1120,프리시젼바이오,335810,Etc
1121,케일럼,258610,Etc
1122,핑거스토리,417180,Etc
1123,핸디소프트,220180,Etc
1124,파워넷,037030,Etc
1125,고려제약,014570,Etc
1126,수산아이앤티,050960,Etc
1127,모아텍,033200,Etc
1128,초록뱀이앤엠,131100,Etc
1129,푸른기술,094940,Etc
1130,티라유텍,322180,Etc
1131,한빛소프트,047080,Etc
1132,미래에셋드림스팩1호,442900,Etc
1133,서암기계공업,100660,Etc
1134,원익,032940,Etc
1135,영림원소프트랩,060850,Etc
1136,비투엔,307870,Etc
1137,씨엔알리서치,359090,Etc
1138,웨이버스,336060,Etc
1139,한국컴퓨터,054040,Etc
1140,네오크레마,311390,Etc
1141,대륙제관,004780,Etc
1142,이글루,067920,Etc
1143,윈텍,320000,Etc
1144,인지소프트,100030,Etc
1145,태양,053620,Etc
1146,삼륭물산,014970,Etc
1147,원익큐브,014190,Etc
1148,썸에이지,208640,Etc
1149,세원물산,024830,Etc
1150,CBI,013720,Etc
1151,휴림네트웍스,192410,Etc
1152,조아제약,034940,Etc
1153,디에이피,066900,Etc
1154,아이윈,090150,Etc
1155,대명소노시즌,007720,Etc
1156,삼진엘앤디,054090,Etc
1157,조광ILI,044060,Etc
1158,한창산업,079170,Etc
1159,멜파스,096640,Etc
1160,코위버,056360,Etc
1161,에이텍모빌리티,224110,Etc
1162,아이퀘스트,262840,Etc
1163,바이오스마트,038460,Etc
1164,블루콤,033560,Etc
1165,옴니시스템,057540,Etc
1166,대유에이피,290120,Etc
1167,PN풍년,024940,Etc
1168,디티앤씨알오,383930,Etc
1169,플레이디,237820,Etc
1170,레이저쎌,412350,Etc
1171,이건홀딩스,039020,Etc
1172,이라이콤,041520,Etc
1173,서남,294630,Etc
1174,멕아이씨에스,058110,Etc
1175,KBI메탈,024840,Etc
1176,토마토시스템,393210,Etc
1177,화신정공,126640,Etc
1178,케이엠,083550,Etc
1179,한네트,052600,Etc
1180,KB오토시스,024120,Etc
1181,큐로컴,040350,Etc
1182,소프트센,032680,Etc
1183,승일,049830,Etc
1184,케이씨티,089150,Etc
1185,엔텔스,069410,Etc
1186,앤디포스,238090,Etc
1187,엘엠에스,073110,Etc
1188,컬러레이,900310,Etc
1189,현대에이치티,039010,Etc
1190,오디텍,080520,Etc
1191,디딤이앤에프,217620,Etc
1192,에스에이티,060540,Etc
1193,픽셀플러스,087600,Etc
1194,한국가구,004590,Etc
1195,화성밸브,039610,Etc
1196,파라텍,033540,Etc
1197,케이엘넷,039420,Etc
1198,비피도,238200,Etc
1199,에쎈테크,043340,Etc
1200,CSA 코스믹,083660,Etc
1201,베셀,177350,Etc
1202,아이티아이즈,372800,Etc
1203,휴먼엔,032860,Etc
1204,CNT85,056730,Etc
1205,성도이엔지,037350,Etc
1206,휴엠앤씨,263920,Etc
1207,글로본,019660,Etc
1208,파버나인,177830,Etc
1209,해성옵틱스,076610,Etc
1210,와이제이엠게임즈,193250,Etc
1211,리더스코스메틱,016100,Etc
1212,동양파일,228340,Etc
1213,인산가,277410,Etc
1214,아세아텍,050860,Etc
1215,웨스트라이즈,064090,Etc
1216,제일바이오,052670,Etc
1217,우원개발,046940,Etc
1218,TS인베스트먼트,246690,Etc
1219,더블유에스아이,299170,Etc
1220,그리티,204020,Etc
1221,한독크린텍,256150,Etc
1222,피델릭스,032580,Etc
1223,스페코,013810,Etc
1224,코스온,069110,Etc
1225,배럴,267790,Etc
1226,지니틱스,303030,Etc
1227,ES큐브,050120,Etc
1228,한국맥널티,222980,Etc
1229,아이스크림에듀,289010,Etc
1230,밸로프,331520,Etc
1231,디엔에이링크,127120,Etc
1232,어스앤에어로스페이스,263540,Etc
1233,하이즈항공,221840,Etc
1234,오에스피,368970,Etc
1235,마이크로컨텍솔,098120,Etc
1236,우리이앤엘,153490,Etc
1237,이루온,065440,Etc
1238,바른손이앤에이,035620,Etc
1239,에스앤디,260970,Etc
1240,마니커에프앤지,195500,Etc
1241,피씨디렉트,051380,Etc
1242,아이크래프트,052460,Etc
1243,셀바이오휴먼텍,318160,Etc
1244,코드네이처,078940,Etc
1245,엠브레인,169330,Etc
1246,옵티코어,380540,Etc
1247,경남제약,053950,Etc
1248,대창스틸,140520,Etc
1249,판타지오,032800,Etc
1250,KPX생명과학,114450,Etc
1251,제이엠티,094970,Etc
1252,TS트릴리온,317240,Etc
1253,비비씨,318410,Etc
1254,네오티스,085910,Etc
1255,코다코,046070,Etc
1256,쌍용정보통신,010280,Etc
1257,서전기전,189860,Etc
1258,비씨월드제약,200780,Etc
1259,플레이위드,023770,Etc
1260,대동기어,008830,Etc
1261,영우디에스피,143540,Etc
1262,메이슨캐피탈,021880,Etc
1263,뉴인텍,012340,Etc
1264,재영솔루텍,049630,Etc
1265,체리부로,066360,Etc
1266,SG&G,040610,Etc
1267,와이즈버즈,273060,Etc
1268,이상네트웍스,080010,Etc
1269,위즈코프,038620,Etc
1270,미디어젠,279600,Etc
1271,팬젠,222110,Etc
1272,메가엠디,133750,Etc
1273,얼라인드,238120,Etc
1274,압타머사이언스,291650,Etc
1275,비엘팜텍,065170,Etc
1276,일지테크,019540,Etc
1277,윌링스,313760,Etc
1278,TPC,048770,Etc
1279,SG,255220,Etc
1280,네이블,153460,Etc
1281,알엔투테크놀로지,148250,Etc
1282,티엘아이,062860,Etc
1283,코맥스,036690,Etc
1284,아이컴포넌트,059100,Etc
1285,에스에너지,095910,Etc
1286,대유,290380,Etc
1287,디케이앤디,263020,Etc
1288,아시아경제,127710,Etc
1289,씨유메디칼,115480,Etc
1290,푸드웰,005670,Etc
1291,오공,045060,Etc
1292,한탑,002680,Etc
1293,신원종합개발,017000,Etc
1294,알로이스,297570,Etc
1295,알톤스포츠,123750,Etc
1296,비스토스,419540,Etc
1297,알티캐스트,085810,Etc
1298,쎄니트,037760,Etc
1299,상지카일룸,042940,Etc
1300,네오리진,094860,Etc
1301,폴라리스우노,114630,Etc
1302,손오공,066910,Etc
1303,큐로홀딩스,051780,Etc
1304,라닉스,317120,Etc
1305,백금T&A,046310,Etc
1306,파인디지털,038950,Etc
1307,까스텔바작,308100,Etc
1308,케이디켐,221980,Etc
1309,태성,323280,Etc
1310,캐리소프트,317530,Etc
1311,이즈미디어,181340,Etc
1312,디젠스,113810,Etc
1313,한국큐빅,021650,Etc
1314,프리엠스,053160,Etc
1315,삼진,032750,Etc
1316,서연탑메탈,019770,Etc
1317,솔트웨어,328380,Etc
1318,대한과학,131220,Etc
1319,에이치시티,072990,Etc
1320,삼영엠텍,054540,Etc
1321,원풍,008370,Etc
1322,알비케이그룹,215790,Etc
1323,스킨앤스킨,159910,Etc
1324,세명전기,017510,Etc
1325,대성파인텍,104040,Etc
1326,크린앤사이언스,045520,Etc
1327,에이치앤비디자인,227100,Etc
1328,GH신소재,130500,Etc
1329,룽투코리아,060240,Etc
1330,인바이오,352940,Etc
1331,THE E&M,089230,Etc
1332,한국테크놀로지,053590,Etc
1333,우양,103840,Etc
1334,서울제약,018680,Etc
1335,아이디피,332370,Etc
1336,커머스마이너,223310,Etc
1337,모헨즈,006920,Etc
1338,동일기연,032960,Etc
1339,디티앤씨,187220,Etc
1340,초록뱀컴퍼니,052300,Etc
1341,휴럼,353190,Etc
1342,이노룰스,296640,Etc
1343,무림SP,001810,Etc
1344,유니온커뮤니티,203450,Etc
1345,본느,226340,Etc
1346,파인텍,131760,Etc
1347,신라섬유,001000,Etc
1348,지엘팜텍,204840,Etc
1349,신화콘텍,187270,Etc
1350,엔에이치스팩20호,391060,Etc
1351,라이프시맨틱스,347700,Etc
1352,아이앤씨,052860,Etc
1353,아이즈비전,031310,Etc
1354,S&K폴리텍,091340,Etc
1355,바이온,032980,Etc
1356,엔피디,198080,Etc
1357,국영지앤엠,006050,Etc
1358,메디콕스,054180,Etc
1359,바이옵트로,222160,Etc
1360,윙입푸드,900340,Etc
1361,ITX-AI,099520,Etc
1362,프로스테믹스,203690,Etc
1363,디지캡,197140,Etc
1364,제이에스티나,026040,Etc
1365,제이아이테크,417500,Etc
1366,SGA솔루션즈,184230,Etc
1367,앱코,129890,Etc
1368,피엠티,147760,Etc
1369,이노테라피,246960,Etc
1370,삼보산업,009620,Etc
1371,우리로,046970,Etc
1372,성창오토텍,080470,Etc
1373,골든센츄리,900280,Etc
1374,싸이버원,356890,Etc
1375,나노브릭,286750,Etc
1376,포메탈,119500,Etc
1377,신진에스엠,138070,Etc
1378,이스트아시아홀딩스,900110,Etc
1379,DSEN,065150,Etc
1380,케이씨피드,025880,Etc
1381,코리아에셋투자증권,190650,Etc
1382,글로벌에스엠,900070,Etc
1383,시큐브,131090,Etc
1384,예림당,036000,Etc
1385,삼일기업공사,002290,Etc
1386,드래곤플라이,030350,Etc
1387,성우테크론,045300,Etc
1388,우진비앤지,018620,Etc
1389,기산텔레콤,035460,Etc
1390,한일진공,123840,Etc
1391,오리엔트정공,065500,Etc
1392,세화피앤씨,252500,Etc
1393,대성미생물,036480,Etc
1394,팬스타엔터프라이즈,054300,Etc
1395,오스템,031510,Etc
1396,리더스 기술투자,019570,Etc
1397,골드퍼시픽,038530,Etc
1398,브이씨,365900,Etc
1399,뉴지랩파마,214870,Etc
1400,삼성스팩8호,448740,Etc
1401,한국유니온제약,080720,Etc
1402,세중,039310,Etc
1403,웰킵스하이텍,043590,Etc
1404,동양에스텍,060380,Etc
1405,젠큐릭스,229000,Etc
1406,YW,051390,Etc
1407,시티랩스,139050,Etc
1408,벨로크,424760,Etc
1409,지엔코,065060,Etc
1410,파인디앤씨,049120,Etc
1411,원일특강,012620,Etc
1412,성우전자,081580,Etc
1413,앤씨앤,092600,Etc
1414,아우딘퓨쳐스,227610,Etc
1415,서울리거,043710,Etc
1416,엔터파트너즈,058450,Etc
1417,인베니아,079950,Etc
1418,이씨에스,067010,Etc
1419,디에스앤엘,141020,Etc
1420,에이디엠코리아,187660,Etc
1421,대신정보통신,020180,Etc
1422,토박스코리아,215480,Etc
1423,윈하이텍,192390,Etc
1424,리노스,039980,Etc
1425,카스,016920,Etc
1426,에이티세미콘,089530,Etc
1427,소프트캠프,258790,Etc
1428,디와이씨,310870,Etc
1429,넥스트아이,137940,Etc
1430,디모아,016670,Etc
1431,아이톡시,052770,Etc
1432,에스폴리텍,050760,Etc
1433,인콘,083640,Etc
1434,부스타,008470,Etc
1435,정원엔시스,045510,Etc
1436,이미지스,115610,Etc
1437,플랜티넷,075130,Etc
1438,케스피온,079190,Etc
1439,빛샘전자,072950,Etc
1440,포커스에이치엔에스,331380,Etc
1441,협진,138360,Etc
1442,우리엔터프라이즈,037400,Etc
1443,하나금융25호스팩,435620,Etc
1444,제이엠아이,033050,Etc
1445,대동스틸,048470,Etc
1446,SGA,049470,Etc
1447,풍강,093380,Etc
1448,이노진,344860,Etc
1449,와이오엠,066430,Etc
1450,캐스텍코리아,071850,Etc
1451,딜리,131180,Etc
1452,삼영이엔씨,065570,Etc
1453,삼영에스앤씨,361670,Etc
1454,토탈소프트,045340,Etc
1455,로지시스,067730,Etc
1456,패션플랫폼,225590,Etc
1457,피앤씨테크,237750,Etc
1458,서울전자통신,027040,Etc
1459,대호특수강,021040,Etc
1460,뉴보텍,060260,Etc
1461,아즈텍WB,032080,Etc
1462,스튜디오산타클로스,204630,Etc
1463,비플라이소프트,148780,Etc
1464,모코엠시스,333050,Etc
1465,셀레믹스,331920,Etc
1466,에이디칩스,054630,Etc
1467,바이오로그디바이스,208710,Etc
1468,와토스코리아,079000,Etc
1469,와이더플래닛,321820,Etc
1470,동방선기,099410,Etc
1471,원풍물산,008290,Etc
1472,KH 건설,226360,Etc
1473,진바이오텍,086060,Etc
1474,휴네시온,290270,Etc
1475,아시아종묘,154030,Etc
1476,코디,080530,Etc
1477,나노,187790,Etc
1478,제넨바이오,072520,Etc
1479,지더블유바이텍,036180,Etc
1480,애드바이오텍,179530,Etc
1481,서산,079650,Etc
1482,우정바이오,215380,Etc
1483,다산솔루에타,154040,Etc
1484,이엘피,063760,Etc
1485,엔시트론,101400,Etc
1486,지란지교시큐리티,208350,Etc
1487,상상인인더스트리,101000,Etc
1488,오가닉티코스메틱,900300,Etc
1489,블레이드 Ent,044480,Etc
1490,메디앙스,014100,Etc
1491,엑사이엔씨,054940,Etc
1492,누리플랜,069140,Etc
1493,신라에스지,025870,Etc
1494,윙스풋,335870,Etc
1495,로스웰,900260,Etc
1496,세동,053060,Etc
1497,티피씨글로벌,130740,Etc
1498,전진바이오팜,110020,Etc
1499,삼일,032280,Etc
1500,다보링크,340360,Etc
1501,육일씨엔에쓰,191410,Etc
1502,케이엠제약,225430,Etc
1503,웹스,196700,Etc
1504,프럼파스트,035200,Etc
1505,파루,043200,Etc
1506,에이치케이,044780,Etc
1507,엔피케이,048830,Etc
1508,비츠로시스,054220,Etc
1509,파인테크닉스,106240,Etc
1510,나노캠텍,091970,Etc
1511,네오펙트,290660,Etc
1512,스타플렉스,115570,Etc
1513,삼성스팩7호,439250,Etc
1514,한국정밀기계,101680,Etc
1515,씨엔플러스,115530,Etc
1516,인터엠,017250,Etc
1517,예선테크,250930,Etc
1518,동일철강,023790,Etc
1519,에스앤더블류,103230,Etc
1520,에스티오,098660,Etc
1521,국일신동,060480,Etc
1522,씨씨에스,066790,Etc
1523,제닉,123330,Etc
1524,파나케이아,058530,Etc
1525,알파홀딩스,117670,Etc
1526,솔고바이오,043100,Etc
1527,에스아이리소스,065420,Etc
1528,KH 전자,111870,Etc
1529,에프알텍,073540,Etc
1530,세진티에스,067770,Etc
1531,대동금속,020400,Etc
1532,CS,065770,Etc
1533,광진실업,026910,Etc
1534,MIT,038340,Etc
1535,케이피티유,054410,Etc
1536,형지I&C,011080,Etc
1537,유비온,084440,Etc
1538,이퓨쳐,134060,Etc
1539,THE MIDONG,161570,Etc
1540,한국정보공학,039740,Etc
1541,에스에스알,275630,Etc
1542,셀피글로벌,068940,Etc
1543,아이오케이,078860,Etc
1544,비케이홀딩스,050090,Etc
1545,스카이문스테크놀로지,033790,Etc
1546,피피아이,062970,Etc
1547,디지아이,043360,Etc
1548,헝셩그룹,900270,Etc
1549,비디아이,148140,Etc
1550,듀오백,073190,Etc
1551,씨케이에이치,900120,Etc
1552,지티지웰니스,219750,Etc
1553,베스파,299910,Etc
1554,엘디티,096870,Etc
1555,파커스,065690,Etc
1556,엔지스테크널러지,208860,Etc
1557,한솔인티큐브,070590,Etc
1558,크루셜텍,114120,Etc
1559,텔레필드,091440,Etc
1560,KD,044180,Etc
1561,엠에프엠코리아,323230,Etc
1562,엑스큐어,070300,Etc
1563,엘아이에스,138690,Etc
1564,에스엘에너지,214310,Etc
1565,유아이디,069330,Etc
1566,더코디,224060,Etc
1567,유안타제8호스팩,367480,Etc
1568,유안타제13호스팩,449020,Etc
1569,엔에이치스팩26호,439410,Etc
1570,삼성스팩6호,425290,Etc
1571,한국제10호스팩,409570,Etc
1572,하나금융24호스팩,430230,Etc
1573,신한제8호스팩,393360,Etc
1574,한국제11호스팩,436610,Etc
1575,엔에이치스팩27호,440820,Etc
1576,대신밸런스제14호스팩,442310,Etc
1577,하나금융21호스팩,406760,Etc
1578,케이비제21호스팩,424140,Etc
1579,신한제7호스팩,366330,Etc
1580,삼성스팩4호,377630,Etc
1581,해성산업1우,03481K,Etc
1582,엔에이치스팩23호,422040,Etc
1583,노블엠앤비,106520,Etc
1584,에스디생명공학,217480,Etc
1585,신영스팩8호,430220,Etc
1586,삼성머스트스팩5호,380320,Etc
1587,대신밸런스제13호스팩,438220,Etc
1588,미래에셋비전스팩1호,412930,Etc
1589,하나금융22호스팩,418170,Etc
1590,하나26호스팩,446750,Etc
1591,교보12호스팩,421800,Etc
1592,유진스팩8호,413630,Etc
1593,케이비제23호스팩,440200,Etc
1594,키움제8호스팩,446840,Etc
1595,한화플러스제3호스팩,430460,Etc
1596,DB금융스팩8호,367340,Etc
1597,DB금융스팩10호,404950,Etc
1598,유안타제10호스팩,435380,Etc
1599,하이제6호스팩,377400,Etc
1600,하나27호스팩,448370,Etc
1601,IBKS제19호스팩,426550,Etc
1602,상상인제3호스팩,415580,Etc
1603,유진스팩7호,388800,Etc
1604,장원테크,174880,Etc
1605,유안타제9호스팩,430700,Etc
1606,신영스팩9호,445970,Etc
1607,하나금융23호스팩,427950,Etc
1608,케이비제22호스팩,436530,Etc
1609,하이제7호스팩,400840,Etc
1610,엔에이치스팩24호,437780,Etc
1611,아리온,058220,Etc
1612,에이치엠씨제5호스팩,353060,Etc
1613,미래에셋비전스팩2호,446190,Etc
1614,미래에셋비전스팩3호,448830,Etc
1615,DB금융스팩9호,367360,Etc
1616,신한제9호스팩,405640,Etc
1617,유안타제12호스팩,446150,Etc
1618,IBKS제20호스팩,439730,Etc
1619,교보11호스팩,397880,Etc
1620,IBKS제22호스팩,448760,Etc
1621,신영스팩7호,419270,Etc
1622,한화플러스제2호스팩,386580,Etc
1623,IBKS제21호스팩,442770,Etc
1624,하나머스트7호스팩,372290,Etc
1625,에스디시스템,121890,Etc
1626,비엔케이제1호스팩,445360,Etc
1627,키움제7호스팩,433530,Etc
1628,에스케이증권제8호스팩,435870,Etc
1629,하나금융20호스팩,400560,Etc
1630,엔에이치스팩28호,450410,Etc
1631,지나인제약,078650,Etc
1632,교보13호스팩,440790,Etc
1633,신한제10호스팩,418210,Etc
1634,키움제6호스팩,413600,Etc
1635,유진스팩9호,442130,Etc
1636,유진스팩6호,373340,Etc
1637,엔에이치스팩25호,438580,Etc
1638,IBKS제17호스팩,405350,Etc
1639,루트로닉3우C,08537M,Etc
1640,소프트센우,032685,Etc
1641,대호특수강우,021045,Etc
